Sample_Index,Actual_Status,Predicted_Status,Failure_Probability,Risk_Tier,Predicted_Status_XGB,Failure_Probability_XGB,Type,Air temperature (K),Process temperature (K),Rotational speed (rpm),Torque (Nm),Tool wear (min),Mechanical Power (W),Delta Temperature (K),Wear Strain Index
2997,0,0,0.0929,Low Risk,0,0.0566,0,300.5,309.8,1345,62.7,153,8831.174028873587,9.300000000000011,9593.1
4871,0,0,0.0,Low Risk,0,0.0028,0,303.7,312.4,1513,40.1,135,6353.483678791414,8.699999999999989,5413.5
3858,0,1,0.5449,Moderate Risk,1,0.6149,0,302.5,311.4,1559,37.6,209,6138.504493506264,8.899999999999977,7858.400000000001
951,0,0,0.0,Low Risk,0,0.0027,2,295.6,306.3,1509,35.8,60,5657.191555025283,10.699999999999989,2148.0
6463,0,0,0.029,Low Risk,0,0.0364,2,300.5,310.0,1358,60.4,102,8589.449418130876,9.5,6160.8
3264,0,0,0.0053,Low Risk,0,0.0139,2,301.3,310.1,1455,44.1,188,6719.395447130529,8.800000000000011,8290.800000000001
4508,0,0,0.0386,Low Risk,0,0.1065,0,302.4,310.0,1426,46.6,102,6958.795279309584,7.600000000000023,4753.2
2100,0,0,0.0076,Low Risk,0,0.0067,1,299.3,309.3,1471,46.0,42,7085.9669499268975,10.0,1932.0
7885,0,0,0.0,Low Risk,0,0.0012,0,300.7,312.3,1590,36.3,93,6044.110106241402,11.600000000000023,3375.8999999999996
2421,0,0,0.0067,Low Risk,0,0.0337,0,298.9,308.2,2384,15.0,19,3744.7784430790334,9.300000000000011,285.0
128,0,0,0.0,Low Risk,0,0.0041,0,299.0,308.6,1587,38.6,124,6414.943703071142,9.600000000000023,4786.400000000001
7717,0,0,0.0012,Low Risk,0,0.0206,0,300.5,311.6,1365,53.0,85,7575.950684131786,11.100000000000023,4505.0
6204,0,0,0.0,Low Risk,0,0.0051,1,300.9,310.8,1519,34.9,73,5551.518850134035,9.900000000000034,2547.7
289,0,0,0.0016,Low Risk,0,0.0158,0,298.1,308.4,1436,46.7,103,7022.632442030527,10.299999999999955,4810.1
921,0,0,0.0133,Low Risk,0,0.0145,2,295.5,305.9,1593,37.2,197,6205.65080048899,10.399999999999977,7328.400000000001
5086,0,0,0.0155,Low Risk,0,0.0037,0,304.0,313.0,1541,45.9,64,7407.027247148262,9.0,2937.6
5106,0,0,0.0,Low Risk,0,0.004,0,304.0,313.3,1519,36.7,117,5837.843604582209,9.300000000000011,4293.900000000001
4851,1,1,0.7665,High Risk,1,0.9595,0,303.7,312.1,1363,51.8,90,7393.570758615386,8.400000000000034,4662.0
8749,0,0,0.0031,Low Risk,0,0.0063,0,297.2,308.4,1677,26.4,146,4636.236774461672,11.199999999999989,3854.3999999999996
132,0,0,0.0,Low Risk,0,0.0048,1,298.7,308.4,1441,43.2,132,6518.930419904965,9.699999999999989,5702.400000000001
7381,0,0,0.0,Low Risk,0,0.006,0,299.7,310.3,1495,43.1,101,6747.565061257717,10.600000000000023,4353.1
1391,1,1,0.9933,High Risk,1,0.9699,0,298.9,310.2,2737,8.8,142,2522.2381339100775,11.300000000000011,1249.6000000000001
1739,0,0,0.0005,Low Risk,0,0.0077,2,298.5,307.9,1260,54.2,141,7151.521516631805,9.399999999999977,7642.200000000001
4176,0,0,0.0,Low Risk,0,0.0062,1,302.3,310.7,1544,39.7,141,6418.985885618761,8.399999999999977,5597.700000000001
9601,0,0,0.0067,Low Risk,0,0.0098,0,298.9,310.1,2109,18.0,61,3975.371343852524,11.200000000000045,1098.0
6044,0,0,0.0,Low Risk,0,0.0064,1,300.8,310.9,1522,41.7,115,6646.290586081494,10.099999999999966,4795.5
884,0,0,0.0016,Low Risk,0,0.0077,0,295.8,306.4,1356,48.0,99,6815.999421228415,10.599999999999966,4752.0
7435,0,0,0.0,Low Risk,0,0.0027,0,299.9,311.3,1504,40.7,20,6410.18942618871,11.400000000000034,814.0
2047,0,0,0.0,Low Risk,0,0.008,0,299.3,309.2,1775,24.2,125,4498.237081164985,9.899999999999977,3025.0
5209,0,0,0.0014,Low Risk,0,0.0098,1,303.8,312.7,1507,38.5,180,6075.7878321651,8.899999999999977,6930.0
1732,0,0,0.0,Low Risk,0,0.0055,2,298.4,307.9,1700,28.2,120,5020.265060436489,9.5,3384.0
2446,0,0,0.0059,Low Risk,0,0.0141,0,299.3,308.6,1422,48.9,83,7281.771948049638,9.300000000000011,4058.7
1039,0,0,0.0,Low Risk,0,0.0025,0,296.7,307.7,1524,36.8,82,5873.0189703269025,11.0,3017.6
3438,0,0,0.0,Low Risk,0,0.0234,0,301.4,310.4,1471,37.5,193,5776.603491788232,9.0,7237.5
8826,0,0,0.0,Low Risk,0,0.0043,1,297.2,308.8,1485,47.9,143,7448.8732612940785,11.600000000000023,6849.7
3104,0,0,0.0676,Low Risk,0,0.0456,1,299.8,309.2,1678,29.8,202,5236.448522905515,9.399999999999977,6019.6
4667,0,0,0.0,Low Risk,0,0.0035,2,303.3,311.4,1651,30.6,50,5290.504860498284,8.099999999999966,1530.0
7293,0,0,0.0,Low Risk,0,0.017,0,300.1,310.5,1627,29.2,95,4975.068014126844,10.399999999999977,2774.0
6894,0,0,0.002,Low Risk,0,0.0533,0,301.1,311.7,1408,46.3,135,6826.722724152667,10.599999999999966,6250.5
5596,0,0,0.0,Low Risk,0,0.0079,1,302.7,312.0,1538,36.7,74,5910.864689827148,9.300000000000011,2715.8
4495,1,1,0.9661,High Risk,1,0.9921,0,302.6,310.4,1359,57.2,67,8140.369220275728,7.7999999999999545,3832.4
8378,0,0,0.0328,Low Risk,0,0.0393,1,298.8,309.9,1331,61.6,46,8585.930834358856,11.099999999999966,2833.6
2119,0,0,0.0,Low Risk,0,0.006,1,299.3,308.9,1858,24.7,101,4805.861833804498,9.599999999999966,2494.7
8582,1,1,0.9067,High Risk,1,0.9753,1,297.5,308.1,1334,72.0,151,10058.123039733082,10.600000000000023,10872.0
9276,0,0,0.0,Low Risk,0,0.0024,0,298.1,308.7,1691,30.3,49,5365.557508992543,10.599999999999966,1484.7
5403,0,0,0.0,Low Risk,0,0.0025,0,302.7,312.3,1858,25.4,2,4942.060347313127,9.600000000000023,50.8
1561,0,0,0.0,Low Risk,0,0.0105,0,298.2,308.4,1388,53.8,137,7819.88488170752,10.199999999999989,7370.599999999999
553,0,0,0.0,Low Risk,0,0.0023,1,297.4,309.3,1564,36.0,126,5896.141092257323,11.900000000000034,4536.0
7009,0,0,0.0,Low Risk,0,0.0043,0,300.5,310.5,1536,36.2,12,5822.753487869466,10.0,434.40000000000003
1683,0,0,0.0015,Low Risk,0,0.0082,1,297.9,307.4,1403,52.8,0,7757.471907656203,9.5,0.0
9808,0,0,0.0067,Low Risk,0,0.0054,1,298.2,309.0,1441,44.2,147,6669.831587032394,10.800000000000011,6497.400000000001
405,0,0,0.0733,Low Risk,0,0.017,0,297.3,308.5,1350,57.6,186,8143.008158104743,11.199999999999989,10713.6
1725,0,0,0.0005,Low Risk,0,0.0103,1,298.3,307.8,1392,50.4,101,7346.802915978947,9.5,5090.4
5182,0,0,0.0,Low Risk,0,0.0019,0,303.9,313.1,1586,31.9,108,5298.1284586709935,9.200000000000045,3445.2
7967,0,0,0.0,Low Risk,0,0.0012,1,301.0,312.2,1629,32.6,69,5561.18448353158,11.199999999999989,2249.4
8742,0,0,0.0,Low Risk,0,0.0037,0,297.4,308.8,1467,39.0,128,5991.3313496610945,11.400000000000034,4992.0
6369,0,0,0.0,Low Risk,0,0.0075,2,300.0,309.5,1781,24.9,70,4643.996508316039,9.5,1743.0
9146,0,0,0.0,Low Risk,0,0.0038,0,297.6,308.6,1528,40.0,123,6400.471432913605,11.0,4920.0
3659,0,0,0.0,Low Risk,0,0.0057,1,302.2,311.5,1734,25.0,116,4539.601384437251,9.300000000000011,2900.0
6590,0,0,0.0,Low Risk,0,0.0079,0,301.7,310.7,1763,25.9,3,4781.682042347368,9.0,77.69999999999999
1427,0,0,0.0011,Low Risk,0,0.0132,0,298.7,309.8,1394,40.3,11,5882.96734706327,11.100000000000023,443.29999999999995
5436,0,0,0.0,Low Risk,0,0.0024,1,302.9,312.5,1679,30.9,79,5432.97608733858,9.600000000000023,2441.1
2484,0,0,0.0,Low Risk,0,0.006,2,298.8,308.6,1524,37.7,170,6016.652586449029,9.800000000000011,6409.000000000001
215,0,0,0.0,Low Risk,0,0.0038,0,298.3,308.6,1548,40.3,140,6532.879091286902,10.300000000000011,5642.0
9664,1,1,0.9667,High Risk,1,0.9982,0,299.1,310.2,1317,54.8,231,7557.792278594035,11.099999999999966,12658.8
4632,1,1,0.7466,High Risk,1,0.989,1,302.9,311.2,1330,53.7,200,7479.18963040122,8.300000000000011,10740.0
866,0,0,0.0,Low Risk,0,0.0044,0,295.9,306.6,1678,26.7,53,4691.717300724068,10.700000000000045,1415.1
6283,0,0,0.0,Low Risk,0,0.0072,0,301.3,310.8,1719,29.5,62,5310.391141995507,9.5,1829.0
7017,0,0,0.0,Low Risk,0,0.0055,1,300.7,310.6,1474,37.0,33,5711.206004716004,9.900000000000034,1221.0
1231,0,0,0.0,Low Risk,0,0.0042,1,297.2,308.5,1604,40.7,158,6836.398829525725,11.300000000000011,6430.6
1290,0,0,0.0027,Low Risk,0,0.0378,0,298.6,309.7,1429,45.8,113,6853.719477022516,11.099999999999966,5175.4
6742,0,0,0.0,Low Risk,0,0.0108,2,301.7,311.2,1639,30.0,161,5149.07035923367,9.5,4830.0
1849,0,0,0.0062,Low Risk,0,0.0027,0,297.7,307.2,1668,32.7,31,5711.792435344675,9.5,1013.7
1019,0,0,0.001,Low Risk,0,0.0075,0,296.3,307.3,1398,52.7,31,7715.186070538886,11.0,1633.7
3964,0,0,0.0,Low Risk,0,0.0051,1,302.3,311.6,1668,33.2,52,5799.128711114471,9.300000000000011,1726.4
351,0,0,0.0,Low Risk,0,0.0022,1,297.6,308.4,1611,31.0,48,5229.809290430929,10.799999999999955,1488.0
5039,0,0,0.0058,Low Risk,0,0.0026,2,304.1,313.3,1689,32.5,134,5748.329157905924,9.199999999999989,4355.0
7055,0,0,0.0439,Low Risk,0,0.0097,0,300.8,310.6,1663,30.6,139,5328.957954578223,9.800000000000011,4253.400000000001
8107,0,0,0.0045,Low Risk,0,0.0143,2,300.3,311.9,1390,49.0,194,7132.4625212000265,11.599999999999966,9506.0
4617,0,0,0.0006,Low Risk,0,0.007,1,303.1,311.4,1831,23.3,161,4467.585608841461,8.299999999999955,3751.3
585,0,0,0.2573,Moderate Risk,0,0.3409,0,297.6,309.5,2001,20.5,220,4295.656714886003,11.899999999999977,4510.0
6299,0,0,0.0122,Low Risk,0,0.0356,0,301.2,310.6,1385,49.2,105,7135.813553363856,9.400000000000034,5166.0
2137,0,0,0.0031,Low Risk,0,0.0052,0,299.3,308.9,1623,31.1,152,5285.7610555913625,9.599999999999966,4727.2
9317,0,0,0.0,Low Risk,0,0.0076,0,298.5,309.5,1480,38.1,160,5904.937551687375,11.0,6096.0
9924,0,0,0.0086,Low Risk,0,0.0108,1,298.5,308.6,1384,54.4,44,7884.308475057135,10.100000000000023,2393.6
80,0,0,0.0147,Low Risk,0,0.0075,2,298.8,308.8,1445,49.9,4,7550.870302780627,10.0,199.6
555,0,0,0.0,Low Risk,0,0.0019,1,297.4,309.4,1539,42.2,134,6801.108272050399,12.0,5654.8
3474,0,0,0.0,Low Risk,0,0.0063,1,301.9,310.8,1557,35.3,65,5755.617652862252,8.900000000000034,2294.5
5821,0,0,0.0643,Low Risk,0,0.0968,0,301.3,311.1,1303,49.2,212,6713.332173309101,9.800000000000011,10430.400000000001
6220,0,0,0.0124,Low Risk,0,0.0082,0,301.1,310.8,1470,49.3,116,7589.145373276863,9.699999999999989,5718.799999999999
3026,0,0,0.4282,Moderate Risk,1,0.6052,1,300.4,309.5,1888,21.9,221,4329.868658883596,9.100000000000023,4839.9
7973,0,0,0.0,Low Risk,0,0.0017,0,301.1,312.3,1682,29.7,83,5231.317254904651,11.199999999999989,2465.1
3916,0,0,0.0,Low Risk,0,0.01,0,302.6,311.6,1453,37.0,135,5629.838754988029,9.0,4995.0
221,0,0,0.0031,Low Risk,0,0.0061,2,298.4,308.5,1827,24.3,153,4649.148720267926,10.100000000000023,3717.9
8704,0,0,0.0,Low Risk,0,0.0096,0,297.1,308.5,1425,40.0,35,5969.026041820606,11.399999999999977,1400.0
4111,0,0,0.0067,Low Risk,0,0.0098,1,302.0,310.6,1563,41.0,184,6710.756067333156,8.600000000000023,7544.0
4231,0,1,0.9331,High Risk,1,0.9713,0,302.2,310.8,1340,47.8,54,6707.5097549244465,8.600000000000023,2581.2
7884,1,1,0.5867,Moderate Risk,1,0.7873,0,300.8,312.4,1465,59.1,91,9066.793477892823,11.599999999999966,5378.1
871,0,0,0.0002,Low Risk,0,0.0055,0,295.8,306.4,1339,53.2,67,7459.69081199794,10.599999999999966,3564.4
6750,0,0,0.007,Low Risk,0,0.0065,1,301.7,311.0,1505,44.0,187,6934.54218402387,9.300000000000011,8228.0
5953,0,0,0.0,Low Risk,0,0.0062,1,300.7,310.9,1486,38.9,106,6053.367332593981,10.199999999999989,4123.4
4381,0,0,0.2539,Moderate Risk,0,0.4777,0,301.9,309.6,1446,43.2,225,6541.549887010811,7.7000000000000455,9720.0
3640,0,0,0.0,Low Risk,0,0.0057,2,302.4,311.6,1544,39.1,70,6321.973504475908,9.200000000000045,2737.0
9837,0,0,0.0008,Low Risk,0,0.0097,1,298.4,309.3,1355,50.6,8,7179.900570269233,10.900000000000034,404.8
7621,0,0,0.0,Low Risk,0,0.0044,0,300.5,311.5,1490,38.4,67,5991.645508926453,11.0,2572.7999999999997
3977,0,0,0.0,Low Risk,0,0.0048,1,302.2,311.3,1510,36.6,91,5787.441986443117,9.100000000000023,3330.6
5496,0,0,0.0,Low Risk,0,0.0027,1,302.9,312.5,1924,24.0,17,4835.539412405409,9.600000000000023,408.0
2790,0,0,0.0012,Low Risk,0,0.0189,0,300.4,309.6,1356,45.9,64,6517.799446549672,9.200000000000045,2937.6
3132,0,0,0.0,Low Risk,0,0.0048,0,300.1,309.5,1557,40.6,59,6619.775544085197,9.399999999999977,2395.4
2261,0,0,0.0424,Low Risk,0,0.0355,1,299.1,308.2,1435,45.2,45,6792.332756571373,9.099999999999966,2034.0000000000002
1426,0,0,0.0,Low Risk,0,0.0028,1,298.7,309.7,1622,34.6,8,5876.9983210214505,11.0,276.8
1733,0,0,0.0,Low Risk,0,0.0026,0,298.4,308.0,1515,42.8,125,6790.238361468978,9.600000000000023,5350.0
3080,0,0,0.0,Low Risk,0,0.0045,1,299.9,309.2,1539,43.2,132,6962.271975179556,9.300000000000011,5702.400000000001
6538,0,0,0.0003,Low Risk,0,0.0073,0,301.4,310.7,1487,44.6,88,6945.035103486859,9.300000000000011,3924.8
8023,0,0,0.1983,Low Risk,0,0.2004,2,300.9,312.0,1397,42.7,212,6246.732360422433,11.100000000000023,9052.400000000001
7225,0,0,0.0,Low Risk,0,0.0096,1,299.8,309.7,1910,21.8,141,4360.321163672394,9.899999999999977,3073.8
3836,0,0,0.0014,Low Risk,0,0.0061,0,302.4,311.2,1466,43.9,152,6739.491168137992,8.800000000000011,6672.8
5448,0,0,0.0,Low Risk,0,0.0022,0,303.0,312.7,1551,41.8,111,6789.170219966758,9.699999999999989,4639.799999999999
6434,0,0,0.0,Low Risk,0,0.0057,1,300.3,309.9,1494,38.5,33,6023.37559472771,9.599999999999966,1270.5
196,0,0,0.0276,Low Risk,0,0.0111,2,298.3,308.6,1432,49.5,91,7422.955121901963,10.300000000000011,4504.5
561,0,0,0.0,Low Risk,0,0.0031,1,297.5,309.4,1678,34.4,148,6044.759368723145,11.899999999999977,5091.2
9174,1,0,0.0078,Low Risk,0,0.0145,0,297.8,308.9,1871,25.6,200,5015.824942819416,11.099999999999966,5120.0
4566,0,0,0.0278,Low Risk,0,0.0871,0,302.8,310.8,1402,50.5,30,7414.263382227031,8.0,1515.0
9025,0,0,0.0,Low Risk,0,0.004,0,297.5,308.4,1440,35.9,13,5413.592460665931,10.899999999999977,466.7
986,0,0,0.0,Low Risk,0,0.0042,2,296.4,307.1,1638,32.5,146,5574.756163795088,10.700000000000045,4745.0
9744,0,0,0.0,Low Risk,0,0.0068,0,298.8,310.1,1574,36.2,181,5966.80598301207,11.300000000000011,6552.200000000001
7874,0,0,0.0,Low Risk,0,0.0014,0,300.7,312.3,1548,37.9,58,6143.824257066342,11.600000000000023,2198.2
3806,1,1,0.7998,High Risk,1,0.957,1,302.3,310.9,1360,44.0,67,6266.430146360441,8.599999999999966,2948.0
6707,0,0,0.0,Low Risk,0,0.0077,0,301.3,310.6,1556,39.0,72,6354.813619681433,9.300000000000011,2808.0
9801,0,0,0.0,Low Risk,0,0.0066,1,298.4,309.3,1496,45.6,129,7143.730366850903,10.900000000000034,5882.400000000001
1848,0,0,0.0145,Low Risk,0,0.0091,2,297.7,307.2,1429,44.1,26,6599.323775910327,9.5,1146.6000000000001
1916,0,0,0.0245,Low Risk,0,0.1136,0,298.0,307.7,1387,50.8,204,7378.512057829178,9.699999999999989,10363.199999999999
4966,0,0,0.0035,Low Risk,0,0.0034,0,303.8,312.6,1793,28.1,170,5276.1268381203545,8.800000000000011,4777.0
3678,0,0,0.0,Low Risk,0,0.01,0,302.2,311.5,1567,33.1,168,5431.572842619978,9.300000000000011,5560.8
8358,0,0,0.0,Low Risk,0,0.0032,0,298.7,309.7,1547,37.4,0,6058.85464776225,11.0,0.0
8751,0,0,0.0,Low Risk,0,0.003,1,297.4,308.5,1472,42.0,150,6474.194140517845,11.100000000000023,6300.0
7384,0,0,0.0,Low Risk,0,0.0053,0,299.7,310.4,1614,36.2,108,6118.4401884253375,10.699999999999989,3909.6000000000004
7252,0,0,0.1681,Low Risk,0,0.1495,2,300.2,310.4,1501,42.9,212,6743.2087194447395,10.199999999999989,9094.8
3417,0,0,0.0,Low Risk,0,0.0069,0,301.6,310.6,1621,33.7,137,5720.599366750238,9.0,4616.900000000001
1429,0,0,0.0004,Low Risk,0,0.0045,1,298.9,310.0,1456,43.8,15,6678.271999295038,11.100000000000023,657.0
6438,0,0,0.0,Low Risk,0,0.0224,0,300.4,310.0,1581,30.3,42,5016.526565178718,9.600000000000023,1272.6000000000001
7398,0,0,0.0,Low Risk,0,0.0124,1,299.7,310.7,1498,37.8,146,5929.693301797662,11.0,5518.799999999999
2747,0,0,0.0072,Low Risk,0,0.0081,0,299.7,309.2,1616,31.6,175,5347.5771270384985,9.5,5530.0
1664,0,0,0.0,Low Risk,0,0.0205,0,298.2,308.0,1535,38.0,179,6108.303316129754,9.800000000000011,6802.0
2671,1,0,0.1926,Low Risk,0,0.2523,1,299.7,309.3,1399,41.9,221,6138.473077579728,9.600000000000023,9259.9
7684,0,0,0.1865,Low Risk,0,0.2368,1,300.7,311.8,1407,42.4,224,6247.245487222518,11.100000000000023,9497.6
4339,0,0,0.0013,Low Risk,0,0.0091,0,301.7,309.9,1524,46.6,104,7437.029456990046,8.199999999999989,4846.400000000001
7605,0,0,0.0,Low Risk,0,0.0082,2,300.4,311.3,2026,20.3,26,4306.893144610343,10.900000000000034,527.8000000000001
2324,0,0,0.0281,Low Risk,0,0.0234,0,299.3,308.8,1636,29.9,201,5122.513429335324,9.5,6009.9
8991,0,0,0.0068,Low Risk,0,0.0177,1,297.3,308.0,1598,29.4,148,4919.859759227759,10.699999999999989,4351.2
8464,0,0,0.0,Low Risk,0,0.009,2,298.6,309.7,1672,27.5,54,4815.014340401956,11.099999999999966,1485.0
8488,0,0,0.0078,Low Risk,0,0.0139,0,298.4,309.4,1385,43.2,119,6265.592388319484,11.0,5140.8
2700,0,0,0.0,Low Risk,0,0.0052,0,299.9,309.3,1473,40.4,59,6231.788851366857,9.400000000000034,2383.6
6495,0,0,0.0082,Low Risk,0,0.0098,1,300.6,309.8,1694,31.1,187,5516.992746871084,9.199999999999989,5815.7
6276,0,0,0.1008,Low Risk,0,0.0454,0,301.2,310.8,1233,64.6,45,8341.116990840115,9.600000000000023,2906.9999999999995
3117,0,0,0.0004,Low Risk,0,0.0044,1,300.1,309.3,1469,43.9,20,6753.282759887251,9.199999999999989,878.0
2547,0,0,0.0,Low Risk,0,0.0034,0,299.2,309.1,1578,38.1,109,6295.94017335316,9.900000000000034,4152.900000000001
2707,0,0,0.0,Low Risk,0,0.0031,1,299.6,309.0,1539,36.1,76,5818.009682962545,9.399999999999977,2743.6
6432,0,0,0.0216,Low Risk,0,0.0295,1,300.3,309.9,1447,46.5,28,7046.121083103867,9.599999999999966,1302.0
2444,1,1,0.9933,High Risk,1,0.9948,0,299.2,308.6,1267,68.2,76,9048.77120803673,9.400000000000034,5183.2
3912,0,0,0.0,Low Risk,0,0.0068,0,302.4,311.4,1475,40.4,126,6240.250207580525,9.0,5090.4
7986,0,0,0.0,Low Risk,0,0.0018,0,301.1,312.3,1587,34.5,115,5733.563672434052,11.199999999999989,3967.5
8744,0,0,0.0,Low Risk,0,0.0073,1,297.4,308.7,1798,23.0,135,4330.58075321841,11.300000000000011,3105.0
1713,0,0,0.0009,Low Risk,0,0.0038,0,298.2,307.8,1515,46.7,74,7408.975034593488,9.600000000000023,3455.8
3910,0,0,0.0006,Low Risk,0,0.003,0,302.4,311.4,1831,26.9,121,5157.85634668821,9.0,3254.8999999999996
2022,0,0,0.0,Low Risk,0,0.0087,0,298.7,308.4,1373,46.9,60,6743.292495248835,9.699999999999989,2814.0
530,0,0,0.0,Low Risk,0,0.0015,1,297.6,309.5,1709,32.2,65,5762.707180283854,11.899999999999977,2093.0
597,0,0,0.0449,Low Risk,0,0.0133,2,297.6,309.6,1428,46.6,13,6968.555160486735,12.0,605.8000000000001
11,0,0,0.0079,Low Risk,0,0.0191,2,298.6,309.1,1423,44.3,29,6601.4181710127195,10.5,1284.6999999999998
4887,0,0,0.0,Low Risk,0,0.0061,0,303.7,312.5,1481,33.3,182,5164.495579162796,8.800000000000011,6060.599999999999
1303,0,0,0.0,Low Risk,0,0.0043,0,298.7,309.9,1593,42.5,146,7089.789220988765,11.199999999999989,6205.0
5967,0,0,0.0004,Low Risk,0,0.0318,0,300.4,310.8,1390,52.5,144,7641.9241298571715,10.400000000000034,7560.0
9372,0,0,0.0,Low Risk,0,0.0025,0,297.7,308.4,1487,41.4,84,6446.73662072547,10.699999999999989,3477.6
7682,0,0,0.2118,Low Risk,0,0.422,1,300.7,311.7,1412,49.1,219,7260.136846641915,11.0,10752.9
6802,0,0,0.0,Low Risk,0,0.0062,1,301.1,310.7,1621,31.0,108,5262.272414518023,9.599999999999966,3348.0
2420,0,0,0.0137,Low Risk,0,0.0081,2,298.8,308.2,1450,44.7,14,6787.410928080749,9.399999999999977,625.8000000000001
8600,0,0,0.017,Low Risk,0,0.0275,0,297.5,308.3,1435,40.3,197,6055.995798447483,10.800000000000011,7939.099999999999
1449,0,0,0.0,Low Risk,0,0.0031,2,299.0,310.4,1677,30.8,73,5408.942903538618,11.399999999999977,2248.4
2742,0,0,0.0,Low Risk,0,0.0085,0,299.6,309.1,1369,51.4,164,7368.77312060305,9.5,8429.6
7100,0,0,0.0,Low Risk,0,0.005,0,300.7,310.2,1569,32.8,31,5389.213701674074,9.5,1016.8
6945,0,0,0.0,Low Risk,0,0.0089,1,300.8,311.4,1852,22.2,53,4305.48989989174,10.599999999999966,1176.6
2050,0,0,0.0058,Low Risk,0,0.0423,1,299.5,309.3,1675,29.2,132,5121.843222902559,9.800000000000011,3854.4
7561,0,0,0.0024,Low Risk,0,0.023,0,300.3,311.1,1388,49.4,128,7180.340393240735,10.800000000000011,6323.2
6933,0,0,0.0,Low Risk,0,0.0041,0,300.8,311.4,1492,40.6,20,6343.420110324415,10.599999999999966,812.0
8962,0,0,0.0,Low Risk,0,0.0022,0,297.3,307.9,1628,30.2,80,5148.609592311144,10.599999999999966,2416.0
3763,0,0,0.0137,Low Risk,0,0.1053,0,302.3,311.0,1428,47.9,174,7162.956913890871,8.699999999999989,8334.6
2704,0,0,0.0,Low Risk,0,0.0042,1,299.7,309.2,1608,34.4,68,5792.594198395003,9.5,2339.2
4699,0,0,0.0679,Low Risk,0,0.0791,0,303.5,311.6,1428,46.2,139,6908.739236362386,8.100000000000023,6421.8
2030,0,0,0.0032,Low Risk,0,0.0108,0,298.9,308.6,1400,49.5,79,7257.079029792421,9.700000000000045,3910.5
8603,0,0,0.0635,Low Risk,0,0.0624,2,297.3,308.0,1384,49.1,206,7116.168127303408,10.699999999999989,10114.6
8482,0,0,0.0,Low Risk,0,0.0042,0,298.4,309.5,1520,38.1,106,6064.530458489737,11.100000000000023,4038.6000000000004
5422,0,0,0.0028,Low Risk,0,0.0212,1,302.7,312.4,1422,44.5,49,6626.5613842169505,9.699999999999989,2180.5
8276,0,0,0.0333,Low Risk,0,0.0145,0,298.8,310.5,1384,52.8,200,7652.417049320161,11.699999999999989,10560.0
647,0,0,0.0,Low Risk,0,0.0058,0,297.7,309.3,1559,36.9,145,6024.223824744179,11.600000000000023,5350.5
842,0,0,0.0105,Low Risk,0,0.015,1,296.6,307.5,1566,35.0,201,5739.689778108552,10.899999999999977,7035.0
7297,0,0,0.0,Low Risk,0,0.0079,0,300.1,310.5,1500,39.8,107,6251.769380643687,10.399999999999977,4258.599999999999
6397,0,0,0.0031,Low Risk,0,0.0071,1,300.0,309.6,1587,32.6,152,5417.802194821742,9.600000000000023,4955.2
6501,0,0,0.2297,Low Risk,0,0.267,1,300.9,310.0,1600,36.0,204,6031.857894892402,9.100000000000023,7344.0
9503,0,0,0.0111,Low Risk,0,0.0148,1,299.2,310.3,1551,44.8,18,7276.4312405385335,11.100000000000023,806.4
4126,0,0,0.0,Low Risk,0,0.0034,1,302.0,310.6,1623,34.3,9,5829.6335757808265,8.600000000000023,308.7
5590,0,0,0.0498,Low Risk,0,0.1272,1,302.5,311.9,1340,59.4,60,8335.27362850444,9.399999999999977,3564.0
5171,0,0,0.0353,Low Risk,0,0.04,1,304.2,313.4,1329,54.5,75,7584.904223194517,9.199999999999989,4087.5
8831,0,0,0.0164,Low Risk,0,0.0111,2,297.4,308.7,1726,26.8,158,4844.000768619078,11.300000000000011,4234.400000000001
6090,0,0,0.0036,Low Risk,0,0.0045,0,300.9,310.8,1708,29.1,14,5204.865044761425,9.900000000000034,407.40000000000003
8838,0,0,0.0,Low Risk,0,0.0127,0,297.5,309.0,1320,54.7,179,7561.185198659914,11.5,9791.300000000001
9743,0,0,0.0,Low Risk,0,0.0061,0,298.9,310.2,1562,42.5,179,6951.8209436186135,11.300000000000011,7607.5
8677,0,0,0.0769,Low Risk,0,0.0601,1,297.3,308.5,1664,28.9,174,5035.93113580239,11.199999999999989,5028.599999999999
5068,0,0,0.0,Low Risk,0,0.0023,1,304.3,313.3,1540,39.0,14,6289.468492486765,9.0,546.0
3409,0,0,0.0,Low Risk,0,0.007,1,301.2,310.4,1697,30.0,120,5331.282733141878,9.199999999999989,3600.0
6251,0,0,0.0052,Low Risk,0,0.0191,1,300.8,310.2,1598,36.5,195,6107.989156864395,9.399999999999977,7117.5
6152,0,0,0.0,Low Risk,0,0.0075,1,301.1,311.1,1592,35.7,174,5951.684450372791,10.0,6211.8
6729,0,0,0.0,Low Risk,0,0.0086,2,301.5,310.9,1524,40.4,124,6447.553434815404,9.399999999999977,5009.599999999999
197,0,0,0.0,Low Risk,0,0.0029,1,298.4,308.6,1527,40.9,96,6540.199002169767,10.200000000000045,3926.3999999999996
1040,0,0,0.0004,Low Risk,0,0.002,0,296.7,307.7,1502,43.9,84,6904.990269129102,11.0,3687.6
9685,0,0,0.0093,Low Risk,0,0.0327,0,299.0,310.0,1360,48.1,37,6850.347500907663,11.0,1779.7
3873,0,0,0.0,Low Risk,0,0.0052,0,302.6,311.8,1638,35.1,17,6020.736656898695,9.199999999999989,596.7
5424,0,0,0.0223,Low Risk,0,0.0308,0,302.6,312.2,1377,45.5,54,6561.059177389603,9.599999999999966,2457.0
5563,0,0,0.0,Low Risk,0,0.0069,1,302.3,311.7,1640,31.5,199,5409.822549481623,9.399999999999977,6268.5
3820,0,0,0.0583,Low Risk,0,0.0369,0,302.3,310.8,1421,41.4,102,6160.600361836512,8.5,4222.8
4223,0,0,0.0,Low Risk,0,0.0046,0,302.0,310.7,1657,31.9,37,5535.3082320415115,8.699999999999989,1180.3
6986,0,0,0.0058,Low Risk,0,0.0074,0,300.7,311.1,1688,30.7,161,5426.74526190896,10.400000000000034,4942.7
8250,0,0,0.0196,Low Risk,0,0.0759,1,299.0,310.4,1394,45.2,122,6598.2661063836185,11.399999999999977,5514.400000000001
926,1,1,0.7533,High Risk,1,0.9937,0,295.6,306.1,1372,55.6,215,7988.358023744029,10.5,11954.0
3801,0,0,0.0006,Low Risk,0,0.0066,1,302.2,310.9,1771,27.6,54,5118.659742346922,8.699999999999989,1490.4
3043,0,0,0.0,Low Risk,0,0.0051,0,300.3,309.5,1551,37.9,42,6155.730893223447,9.199999999999989,1591.8
8429,0,0,0.0,Low Risk,0,0.0087,0,299.0,310.3,1577,40.0,181,6605.722152948138,11.300000000000011,7240.0
9385,0,0,0.0,Low Risk,0,0.0051,1,297.5,308.1,1907,23.5,125,4692.963465809992,10.600000000000023,2937.5
5365,0,0,0.0,Low Risk,0,0.0049,0,303.1,312.6,1548,36.4,150,5900.6649856784925,9.5,5460.0
4461,0,0,0.0,Low Risk,0,0.0085,0,302.7,310.5,1642,30.8,195,5296.055007519625,7.800000000000011,6006.0
9673,0,0,0.0,Low Risk,0,0.0038,1,299.0,310.1,1593,35.4,5,5905.377374658877,11.100000000000023,177.0
9207,0,0,0.0022,Low Risk,0,0.0225,0,297.9,308.8,1386,48.6,75,7053.880816958234,10.900000000000034,3645.0
6247,0,0,0.0005,Low Risk,0,0.0103,0,300.8,310.2,1492,46.3,187,7233.998795764048,9.399999999999977,8658.1
9506,0,0,0.0004,Low Risk,0,0.0057,2,299.3,310.4,1548,41.6,25,6743.617126489707,11.099999999999966,1040.0
5541,0,0,0.0002,Low Risk,0,0.0406,0,302.4,311.8,1433,42.2,134,6332.675863449138,9.400000000000034,5654.8
8405,0,0,0.0,Low Risk,0,0.0047,1,298.4,309.5,1484,41.7,119,6480.351662118882,11.100000000000023,4962.3
4861,0,0,0.0,Low Risk,0,0.0037,0,303.5,312.3,1946,21.1,112,4299.855977066302,8.800000000000011,2363.2000000000003
2339,0,0,0.0,Low Risk,0,0.0022,0,299.2,308.2,1466,41.3,8,6340.341349523896,9.0,330.4
2808,0,0,0.0,Low Risk,0,0.005,0,299.9,309.3,1471,41.8,109,6438.987358846615,9.400000000000034,4556.2
588,0,0,0.1638,Low Risk,0,0.1091,0,297.6,309.4,1628,33.4,229,5694.157628582523,11.799999999999955,7648.599999999999
7858,0,0,0.0073,Low Risk,0,0.0159,0,300.5,311.9,1350,51.7,18,7308.915308576653,11.399999999999977,930.6
3006,0,0,0.0,Low Risk,0,0.0084,0,300.4,309.7,1488,35.7,177,5562.880943564519,9.300000000000011,6318.900000000001
7010,0,0,0.0,Low Risk,0,0.0044,1,300.5,310.5,1469,42.9,14,6599.44943961647,10.0,600.6
8244,0,0,0.0,Low Risk,0,0.0055,0,299.0,310.4,1512,38.8,109,6143.447265947912,11.399999999999977,4229.2
3655,0,0,0.0,Low Risk,0,0.0053,0,302.1,311.4,1686,30.9,106,5455.626970370962,9.299999999999955,3275.3999999999996
991,0,0,0.0,Low Risk,0,0.0028,1,296.1,307.0,1523,42.0,164,6698.503855984157,10.899999999999977,6888.0
7779,0,0,0.0006,Low Risk,0,0.0058,0,300.5,311.7,1811,26.8,47,5082.552370781663,11.199999999999989,1259.6000000000001
8390,0,0,0.0132,Low Risk,0,0.0393,1,298.8,309.8,1288,61.9,79,8349.012860376139,11.0,4890.099999999999
8760,0,0,0.0005,Low Risk,0,0.0223,1,297.4,308.7,1392,46.4,174,6763.7233194726805,11.300000000000011,8073.599999999999
1326,0,0,0.0258,Low Risk,0,0.0676,0,298.9,310.2,1411,46.5,202,6870.820213033557,11.300000000000011,9393.0
1024,0,0,0.0,Low Risk,0,0.0018,0,296.2,307.3,1711,29.9,42,5357.347480191162,11.100000000000023,1255.8
575,0,0,0.0533,Low Risk,0,0.0127,1,297.9,309.9,1410,55.4,188,8180.078951417103,12.0,10415.199999999999
2396,0,0,0.0,Low Risk,0,0.0047,1,299.1,308.5,1592,34.2,153,5701.613675147044,9.399999999999977,5232.6
1300,0,0,0.0,Low Risk,0,0.0367,0,298.7,309.8,1322,57.0,140,7891.052427286842,11.100000000000023,7980.0
1384,0,0,0.0,Low Risk,0,0.0039,0,298.9,310.3,1484,43.8,124,6806.700306973788,11.400000000000034,5431.2
1678,0,0,0.3934,Moderate Risk,1,0.5212,0,298.0,307.5,1644,32.8,215,5646.824299268437,9.5,7051.999999999999
8288,0,0,0.0,Low Risk,0,0.0016,1,298.8,310.6,1640,33.8,9,5804.825465792979,11.800000000000011,304.2
9067,0,0,0.0,Low Risk,0,0.0112,0,297.1,308.2,1351,56.6,126,8007.563626832976,11.099999999999966,7131.6
1709,0,0,0.0,Low Risk,0,0.0054,0,298.2,307.8,1749,26.1,66,4780.341629481837,9.600000000000023,1722.6000000000001
4050,0,0,0.0494,Low Risk,0,0.013,0,301.8,310.8,1456,46.6,35,7105.193496966868,9.0,1631.0
913,0,0,0.0158,Low Risk,0,0.0178,0,295.5,306.0,1621,29.5,176,5007.64632994457,10.5,5192.0
1067,0,0,0.0,Low Risk,0,0.0054,0,296.9,307.8,1466,45.7,153,7015.825657947749,10.900000000000034,6992.1
3743,0,0,0.0,Low Risk,0,0.0053,0,302.5,311.4,1759,24.6,124,4531.370411684846,8.899999999999977,3050.4
4315,0,0,0.0,Low Risk,0,0.0049,1,301.4,310.0,1651,29.8,44,5152.191007936237,8.600000000000023,1311.2
1310,0,0,0.0083,Low Risk,0,0.008,0,298.9,310.2,1498,50.2,160,7874.8836970963675,11.300000000000011,8032.0
2453,0,0,0.0,Low Risk,0,0.0029,0,299.0,308.6,1648,30.8,98,5315.407218265738,9.600000000000023,3018.4
8638,0,0,0.0,Low Risk,0,0.0028,0,297.6,308.5,1572,35.9,71,5909.838436226974,10.899999999999977,2548.9
8531,0,0,0.0014,Low Risk,0,0.0145,0,298.6,309.3,1449,46.5,26,7055.860020329996,10.699999999999989,1209.0
318,0,0,0.0,Low Risk,0,0.0117,0,297.8,308.4,1512,39.9,181,6317.617162662929,10.599999999999966,7221.9
4877,0,0,0.0,Low Risk,0,0.0064,1,303.7,312.4,1546,33.7,149,5455.920185685298,8.699999999999989,5021.3
4332,0,0,0.0067,Low Risk,0,0.0147,1,301.7,309.9,1452,41.5,86,6310.203004000458,8.199999999999989,3569.0
1538,0,0,0.0,Low Risk,0,0.0023,0,298.4,309.1,1798,29.6,81,5573.269143272389,10.700000000000045,2397.6
9893,0,0,0.0005,Low Risk,0,0.0132,1,298.9,309.6,1284,55.3,166,7435.647156222465,10.700000000000045,9179.8
210,0,0,0.0,Low Risk,0,0.0036,0,298.4,308.7,1523,36.1,126,5757.523552405431,10.300000000000011,4548.6
3424,0,0,0.0031,Low Risk,0,0.0098,0,301.5,310.5,1593,32.9,155,5488.330949894832,9.0,5099.5
9019,0,0,0.0,Low Risk,0,0.0019,0,297.2,308.1,1662,31.3,0,5447.584493177773,10.900000000000034,0.0
7409,0,0,0.0073,Low Risk,0,0.0251,0,299.8,310.9,2084,17.6,175,3840.953066180929,11.099999999999966,3080.0000000000005
9904,0,0,0.0,Low Risk,0,0.0123,0,298.6,309.1,1537,35.7,198,5746.067211195339,10.5,7068.6
5482,0,0,0.0098,Low Risk,0,0.0054,0,302.6,312.1,1782,26.8,198,5001.164177102663,9.5,5306.400000000001
5812,0,0,0.0,Low Risk,0,0.0155,0,301.4,311.1,1495,36.3,193,5682.984030711255,9.700000000000045,7005.9
2404,0,0,0.0031,Low Risk,0,0.0087,1,299.1,308.7,2008,20.3,178,4268.62854608962,9.599999999999966,3613.4
409,0,0,0.0,Low Risk,0,0.0091,0,297.4,308.6,1459,41.3,196,6310.066868318802,11.200000000000045,8094.799999999999
679,0,0,0.0078,Low Risk,0,0.0083,0,297.8,309.2,1372,47.3,15,6795.851340343392,11.399999999999977,709.5
9394,0,0,0.0,Low Risk,0,0.007,0,297.7,308.2,1334,53.0,156,7403.896126470185,10.5,8268.0
2985,0,0,0.0,Low Risk,0,0.0046,0,300.7,309.8,1596,31.5,123,5264.680968885775,9.100000000000023,3874.5
2161,0,0,0.4848,Moderate Risk,1,0.5238,0,299.4,309.1,1464,40.5,215,6209.043720554867,9.700000000000045,8707.5
8505,0,0,0.0,Low Risk,0,0.0059,0,298.4,309.7,1530,38.6,161,6184.539297856866,11.300000000000011,6214.6
1127,0,0,0.0,Low Risk,0,0.0018,1,296.7,307.8,1672,32.4,113,5672.962350146304,11.100000000000023,3661.2
5467,0,0,0.0146,Low Risk,0,0.0158,0,302.9,312.4,1383,51.4,160,7444.129456387158,9.5,8224.0
6601,0,0,0.0122,Low Risk,0,0.0391,1,301.5,310.7,1347,47.9,29,6756.654736002103,9.199999999999989,1389.1
4312,0,0,0.0505,Low Risk,0,0.0534,0,301.5,310.1,1430,46.5,35,6963.340116681776,8.600000000000023,1627.5
779,0,0,0.0,Low Risk,0,0.0017,0,296.8,308.0,1666,29.8,41,5199.000738474725,11.199999999999989,1221.8
9854,0,0,0.0073,Low Risk,0,0.0178,2,298.6,309.4,1362,45.3,56,6461.06228322584,10.799999999999955,2536.7999999999997
2218,0,0,0.0179,Low Risk,0,0.0039,0,299.7,309.1,1713,33.5,141,6009.395507419235,9.400000000000034,4723.5
1905,0,0,0.0093,Low Risk,0,0.0586,0,297.9,307.6,1687,29.1,176,5140.870802407801,9.700000000000045,5121.6
8084,0,0,0.0,Low Risk,0,0.0036,0,300.2,311.4,1483,44.4,141,6895.293219805021,11.199999999999989,6260.4
5978,0,0,0.0023,Low Risk,0,0.0269,0,300.5,310.6,1448,46.3,173,7020.663710634277,10.100000000000023,8009.9
4837,0,0,0.0006,Low Risk,0,0.0021,2,303.3,311.8,1806,27.7,44,5238.731413567123,8.5,1218.8
4695,0,0,0.0067,Low Risk,0,0.0068,0,303.3,311.6,1514,34.7,130,5501.536111015422,8.300000000000011,4511.0
6306,0,0,0.0,Low Risk,0,0.0076,0,301.0,310.4,1563,34.4,124,5630.48801746977,9.399999999999977,4265.599999999999
2383,0,0,0.0067,Low Risk,0,0.0024,0,299.1,308.2,1568,33.3,123,5467.879181719963,9.099999999999966,4095.8999999999996
459,0,0,0.0,Low Risk,0,0.003,0,297.4,308.6,1476,42.3,107,6538.156966944933,11.200000000000045,4526.099999999999
1251,0,0,0.0993,Low Risk,0,0.1706,1,297.4,308.8,1359,48.7,220,6930.6989690109785,11.400000000000034,10714.0
156,0,0,0.0899,Low Risk,0,0.035,1,298.4,308.1,1495,46.0,203,7201.577559579002,9.700000000000045,9338.0
843,0,0,0.1227,Low Risk,0,0.0443,0,296.6,307.5,1485,42.7,204,6640.227312260066,10.899999999999977,8710.800000000001
1031,0,0,0.0,Low Risk,0,0.0025,0,296.4,307.5,1549,36.1,58,5855.813514560743,11.100000000000023,2093.8
1811,0,0,0.0,Low Risk,0,0.0052,1,298.1,307.8,1569,31.2,131,5126.325228421681,9.699999999999989,4087.2
2033,0,0,0.0005,Low Risk,0,0.008,2,298.8,308.5,1359,47.6,85,6774.153407082599,9.699999999999989,4046.0
9440,0,0,0.0008,Low Risk,0,0.0092,1,298.1,308.8,1378,53.5,65,7720.254506686677,10.699999999999989,3477.5
1299,0,0,0.0,Low Risk,0,0.0048,1,298.7,309.9,1458,40.2,137,6137.792399171451,11.199999999999989,5507.400000000001
8351,0,0,0.0404,Low Risk,0,0.0183,1,298.7,309.6,1686,26.2,189,4625.806686851754,10.900000000000034,4951.8
9286,0,0,0.0,Low Risk,0,0.002,0,298.2,308.9,1605,32.0,79,5378.406622945726,10.699999999999989,2528.0
9713,0,0,0.0,Low Risk,0,0.0189,0,299.1,310.2,1496,45.0,104,7049.733914655495,11.099999999999966,4680.0
3991,0,0,0.0,Low Risk,0,0.0061,0,302.3,311.3,1682,34.4,127,6059.16880702761,9.0,4368.8
4192,0,0,0.0067,Low Risk,0,0.0051,1,302.5,311.0,1463,43.1,181,6603.135574996682,8.5,7801.1
6354,0,0,0.0,Low Risk,0,0.004,0,300.1,309.6,1565,34.8,32,5703.24730332691,9.5,1113.6
5291,0,0,0.0082,Low Risk,0,0.0158,0,303.8,313.3,1406,52.1,166,7670.99433387839,9.5,8648.6
940,0,0,0.0014,Low Risk,0,0.0045,0,295.6,306.2,1443,48.9,33,7389.308664582016,10.599999999999966,1613.7
3455,0,0,0.0048,Low Risk,0,0.0047,2,301.4,310.3,1611,41.5,11,7001.196308157533,8.900000000000034,456.5
7231,0,0,0.0,Low Risk,0,0.0108,0,299.8,309.9,1553,36.6,157,5952.249937050437,10.099999999999966,5746.2
5202,0,0,0.0015,Low Risk,0,0.0451,0,303.7,312.7,1335,51.1,161,7143.82461463051,9.0,8227.1
7027,0,0,0.0,Low Risk,0,0.0053,0,300.6,310.6,1508,34.8,62,5495.525197071553,10.0,2157.6
6401,0,0,0.0,Low Risk,0,0.0072,1,300.0,309.6,1573,39.7,162,6539.5497396880255,9.600000000000023,6431.400000000001
8533,0,0,0.0,Low Risk,0,0.0046,1,298.6,309.4,1465,41.1,30,6305.333535387394,10.799999999999955,1233.0
4143,0,0,0.0,Low Risk,0,0.0053,0,301.7,310.1,1500,39.6,56,6220.35345410779,8.400000000000034,2217.6
7814,0,0,0.0,Low Risk,0,0.0063,0,300.0,311.4,1927,24.6,132,4964.156215643376,11.399999999999977,3247.2000000000003
3862,0,0,0.1012,Low Risk,0,0.0769,2,302.5,311.5,1496,43.8,218,6861.741010264682,9.0,9548.4
13,0,0,0.0,Low Risk,0,0.0037,1,298.6,309.2,1742,30.0,37,5472.6544025534195,10.599999999999966,1110.0
2849,0,0,0.1682,Low Risk,0,0.1319,0,300.4,309.3,1766,28.2,207,5215.1694686652,8.900000000000034,5837.4
5907,0,0,0.0132,Low Risk,0,0.0552,2,300.8,310.4,1419,46.4,200,6894.916228686589,9.599999999999966,9280.0
9450,0,0,0.0,Low Risk,0,0.0028,1,298.0,308.7,1494,42.6,96,6664.825982737674,10.699999999999989,4089.6000000000004
9079,0,0,0.0,Low Risk,0,0.0036,2,297.3,308.1,1554,42.4,158,6899.942776932333,10.800000000000011,6699.2
1914,0,0,0.0,Low Risk,0,0.0072,0,298.0,307.7,1643,32.3,200,5557.362212469711,9.699999999999989,6459.999999999999
3537,0,0,0.0067,Low Risk,0,0.0084,1,302.0,311.0,1980,21.5,20,4457.919975443916,9.0,430.0
8302,0,0,0.0,Low Risk,0,0.0028,0,298.7,310.1,1641,31.1,49,5344.3831745073485,11.400000000000034,1523.9
2765,0,0,0.002,Low Risk,0,0.0169,1,299.9,309.4,1399,54.8,3,8028.360970199739,9.5,164.39999999999998
1200,0,0,0.0013,Low Risk,0,0.0118,1,296.9,308.0,1430,55.9,71,8370.983065000242,11.100000000000023,3968.9
5700,0,0,0.0,Low Risk,0,0.0062,0,302.5,311.9,1497,41.6,123,6521.4436940278365,9.399999999999977,5116.8
7335,0,0,0.0767,Low Risk,0,0.0442,0,299.9,310.4,1328,49.9,206,6939.484956465517,10.5,10279.4
8645,0,0,0.0,Low Risk,0,0.0026,1,297.6,308.6,1492,35.5,88,5546.586549667899,11.0,3124.0
7978,0,0,0.0077,Low Risk,0,0.0033,0,301.2,312.4,1480,53.5,97,8291.71021037466,11.199999999999989,5189.5
2417,0,0,0.0,Low Risk,0,0.0026,0,298.9,308.3,1576,36.6,7,6040.403026910168,9.400000000000034,256.2
735,0,0,0.0,Low Risk,0,0.0039,0,296.9,308.4,1557,32.4,173,5282.776542570452,11.5,5605.2
3814,1,1,0.8787,High Risk,1,0.9916,1,302.1,310.6,1326,59.1,88,8206.53116156033,8.5,5200.8
6343,0,0,0.0,Low Risk,0,0.0107,0,300.2,309.8,1827,23.0,6,4400.428829883223,9.600000000000023,138.0
6860,0,0,0.0,Low Risk,0,0.0066,0,301.1,311.2,1910,20.2,41,4040.297592026713,10.099999999999966,828.1999999999999
3106,0,0,0.4357,Moderate Risk,0,0.4576,0,299.8,309.1,1485,39.9,207,6204.8025704725205,9.300000000000011,8259.3
2864,1,0,0.3,Moderate Risk,0,0.008,2,300.6,309.4,1380,47.6,246,6878.831274300211,8.799999999999955,11709.6
5323,0,0,0.0333,Low Risk,0,0.0417,1,303.4,312.7,1399,48.4,34,7090.7421707603535,9.300000000000011,1645.6
2430,0,0,0.0158,Low Risk,0,0.0105,1,298.9,308.2,1335,47.8,40,6682.481733450848,9.300000000000011,1912.0
1812,0,0,0.0,Low Risk,0,0.0049,0,298.2,307.8,1476,36.8,134,5688.041994883535,9.600000000000023,4931.2
9419,0,0,0.0,Low Risk,0,0.0051,0,298.0,308.4,1911,22.0,13,4402.627944740736,10.399999999999977,286.0
3792,0,0,0.0,Low Risk,0,0.005,0,302.3,310.9,1459,35.0,32,5347.514295185426,8.599999999999966,1120.0
5483,0,0,0.0055,Low Risk,0,0.0086,1,302.6,312.1,2000,21.9,200,4586.725274241097,9.5,4380.0
8311,0,0,0.001,Low Risk,0,0.0126,1,298.8,310.0,1295,52.7,74,7146.75676777386,11.199999999999989,3899.8
4625,0,0,0.0333,Low Risk,0,0.0079,0,303.0,311.2,1511,45.7,184,7231.18183435133,8.199999999999989,8408.800000000001
9225,0,0,0.0,Low Risk,0,0.0046,0,298.0,309.1,1820,23.6,120,4497.922921899626,11.100000000000023,2832.0
7815,0,0,0.0058,Low Risk,0,0.0061,1,299.9,311.3,1703,28.4,134,5064.791900313368,11.400000000000034,3805.6
7972,0,0,0.0028,Low Risk,0,0.0127,0,301.1,312.2,1397,54.9,81,8031.513034828842,11.099999999999966,4446.9
5679,0,0,0.0097,Low Risk,0,0.0085,1,302.2,311.7,1466,49.0,66,7522.43888926564,9.5,3234.0
6261,0,0,0.0336,Low Risk,0,0.056,0,301.1,310.6,1417,47.6,10,7063.263707016955,9.5,476.0
3603,0,0,0.0067,Low Risk,0,0.0133,0,301.7,310.7,1542,40.0,188,6459.114495780615,9.0,7520.0
3032,0,0,0.0,Low Risk,0,0.0136,1,300.6,309.8,1447,42.9,12,6500.614934734535,9.199999999999989,514.8
5582,0,0,0.0,Low Risk,0,0.0041,0,302.5,312.0,2052,18.9,40,4061.32531885474,9.5,756.0
2118,0,0,0.0017,Low Risk,0,0.0093,2,299.3,308.9,1429,43.0,96,6434.7147928377335,9.599999999999966,4128.0
3531,0,0,0.0,Low Risk,0,0.0051,1,301.9,310.9,1641,33.2,3,5705.257922625208,9.0,99.60000000000001
1636,0,0,0.0,Low Risk,0,0.0035,0,297.9,307.8,1505,37.3,100,5878.60053327478,9.900000000000034,3729.9999999999995
6456,0,0,0.0095,Low Risk,0,0.0356,0,300.7,310.2,1387,50.6,83,7349.462797758985,9.5,4199.8
8249,0,0,0.0,Low Risk,0,0.0051,0,299.0,310.4,1524,39.8,120,6351.797690733987,11.399999999999977,4776.0
7499,0,0,0.0178,Low Risk,0,0.0137,0,300.3,311.8,1746,26.3,187,4808.7102111437525,11.5,4918.1
5218,0,0,0.224,Low Risk,0,0.2282,0,303.8,312.9,1589,37.2,203,6190.068500927185,9.099999999999966,7551.6
1685,0,0,0.0,Low Risk,0,0.0046,0,297.9,307.3,1824,26.3,5,5023.532316796223,9.400000000000034,131.5
7218,0,0,0.0075,Low Risk,0,0.0313,2,299.9,309.8,1400,48.7,119,7139.792904058403,9.900000000000034,5795.3
8844,0,0,0.0,Low Risk,0,0.0057,2,297.4,308.9,1645,30.8,196,5305.731112892681,11.5,6036.8
5356,0,0,0.014,Low Risk,0,0.0117,2,303.3,312.6,1692,29.0,125,5138.388944211465,9.300000000000011,3625.0
7223,0,0,0.0,Low Risk,0,0.0144,0,299.8,309.6,1374,51.6,137,7424.4630863756865,9.800000000000011,7069.2
4587,0,0,0.0,Low Risk,0,0.0037,1,302.8,311.0,1507,33.4,82,5270.9432102419305,8.199999999999989,2738.7999999999997
959,0,0,0.0,Low Risk,0,0.0027,0,295.8,306.5,1505,35.2,86,5547.633747219096,10.699999999999989,3027.2000000000003
5307,0,1,0.5091,Moderate Risk,1,0.5384,0,304.0,313.3,1530,34.8,211,5575.698641591164,9.300000000000011,7342.799999999999
9347,0,0,0.0012,Low Risk,0,0.013,1,298.2,308.7,1426,42.6,23,6361.473796107043,10.5,979.8000000000001
8541,0,0,0.0,Low Risk,0,0.0068,0,298.5,309.5,1738,25.2,49,4586.473946828811,11.0,1234.8
8642,0,0,0.0,Low Risk,0,0.0029,1,297.5,308.4,1596,36.6,80,6117.057887657758,10.899999999999977,2928.0
3127,0,0,0.0453,Low Risk,0,0.0081,0,300.0,309.5,1717,28.3,48,5088.4480929948995,9.5,1358.4
7431,0,0,0.0402,Low Risk,0,0.0237,1,300.0,311.4,1352,61.8,10,8749.712531366004,11.399999999999977,618.0
1950,0,0,0.0009,Low Risk,0,0.0038,1,298.0,307.9,1479,47.6,76,7372.312648326097,9.899999999999977,3617.6
5328,0,0,0.0009,Low Risk,0,0.0089,1,303.7,312.9,1406,41.9,48,6169.187381756325,9.199999999999989,2011.1999999999998
2197,0,0,0.0032,Low Risk,0,0.0115,0,299.7,309.0,1412,49.2,85,7274.923276064813,9.300000000000011,4182.0
2994,0,0,0.0,Low Risk,0,0.0124,0,300.5,309.8,1461,52.5,146,8032.267017065703,9.300000000000011,7665.0
6944,0,0,0.0,Low Risk,0,0.0047,1,300.7,311.3,1487,39.8,50,6197.587379344776,10.600000000000023,1989.9999999999998
5706,1,1,0.9397,High Risk,1,0.987,0,302.4,311.9,1290,70.0,139,9456.193887305277,9.5,9730.0
6884,0,0,0.0,Low Risk,0,0.0063,0,300.8,311.2,1492,39.0,109,6093.433110902763,10.399999999999977,4251.0
8021,0,1,0.5779,Moderate Risk,1,0.6799,1,301.0,312.0,1499,34.6,207,5431.331987183202,11.0,7162.200000000001
8134,0,0,0.0,Low Risk,0,0.0023,0,299.7,311.1,1650,32.4,60,5598.318108697011,11.400000000000034,1944.0
1978,0,0,0.0,Low Risk,0,0.0048,0,298.0,307.7,1442,43.6,148,6583.856668079154,9.699999999999989,6452.8
2497,0,0,0.1371,Low Risk,0,0.1568,1,299.2,308.9,1521,42.3,215,6737.491020815205,9.699999999999989,9094.5
143,0,0,0.0005,Low Risk,0,0.0105,2,298.6,308.4,1407,50.5,164,7440.705120394745,9.799999999999955,8282.0
136,0,0,0.0072,Low Risk,0,0.0243,2,298.7,308.5,1420,45.7,143,6795.683788735201,9.800000000000011,6535.1
2625,0,0,0.0012,Low Risk,0,0.0126,0,299.7,309.4,1399,39.9,91,5845.4672027549195,9.699999999999989,3630.9
1069,0,0,0.0031,Low Risk,0,0.0085,1,296.9,307.8,1840,24.6,157,4740.03499573628,10.900000000000034,3862.2000000000003
8031,0,0,0.0,Low Risk,0,0.0018,0,300.7,312.0,1550,32.4,5,5259.026102109314,11.300000000000011,162.0
5523,0,0,0.0,Low Risk,0,0.0084,1,302.5,311.9,1524,34.8,86,5553.833156722179,9.399999999999977,2992.7999999999997
5113,0,0,0.0079,Low Risk,0,0.0224,0,304.1,313.6,1382,46.7,134,6758.550163569769,9.5,6257.8
1919,0,0,0.0,Low Risk,0,0.0024,0,298.2,308.0,1658,30.0,3,5208.760619651876,9.800000000000011,90.0
1433,0,0,0.0078,Low Risk,0,0.0205,0,298.8,309.8,1363,44.0,25,6280.253154036235,11.0,1100.0
5375,0,0,0.0014,Low Risk,0,0.0059,0,302.9,312.3,1530,34.9,185,5591.720764124472,9.400000000000034,6456.5
1527,0,0,0.0079,Low Risk,0,0.015,2,298.1,309.1,1425,44.5,49,6640.541471525425,11.0,2180.5
7540,0,0,0.0,Low Risk,0,0.0033,1,300.2,311.3,1587,31.2,73,5185.1358428968815,11.100000000000023,2277.6
3427,0,0,0.0,Low Risk,0,0.0103,0,301.6,310.6,1562,34.4,162,5626.885657893654,9.0,5572.8
5788,0,0,0.0,Low Risk,0,0.011,0,301.8,311.5,1443,43.3,134,6543.089267411069,9.699999999999989,5802.2
9282,0,0,0.0012,Low Risk,0,0.0164,1,298.2,308.9,1414,44.3,68,6559.666404646511,10.699999999999989,3012.3999999999996
3648,0,0,0.0076,Low Risk,0,0.0368,1,302.2,311.5,1443,47.0,90,7102.198511970445,9.300000000000011,4230.0
9427,0,0,0.0,Low Risk,0,0.0024,0,298.2,308.8,1540,34.8,32,5612.141116372805,10.600000000000023,1113.6
7950,0,0,0.0,Low Risk,0,0.0038,0,300.8,311.6,1568,36.0,23,5911.2207369945545,10.800000000000011,828.0
1896,0,0,0.0,Low Risk,0,0.0076,0,297.9,307.5,1574,35.8,153,5900.874425188732,9.600000000000023,5477.4
4264,0,0,0.0,Low Risk,0,0.0056,1,302.6,311.0,1542,39.7,141,6410.67113706226,8.399999999999977,5597.700000000001
3098,0,0,0.0005,Low Risk,0,0.0168,1,299.9,309.2,1389,51.2,185,7447.33388089382,9.300000000000011,9472.0
4810,0,0,0.0121,Low Risk,0,0.007,1,303.4,312.1,1499,39.4,197,6184.811569220177,8.700000000000045,7761.799999999999
8652,0,0,0.0,Low Risk,0,0.0027,2,297.3,308.3,1461,41.5,108,6349.315832537651,11.0,4482.0
8693,0,0,0.0,Low Risk,0,0.0021,1,297.2,308.5,1584,40.0,4,6635.043684381642,11.300000000000011,160.0
2608,0,0,0.0012,Low Risk,0,0.0255,0,299.5,309.3,1409,44.7,46,6595.4910328729475,9.800000000000011,2056.2000000000003
1904,0,0,0.0,Low Risk,0,0.0076,1,298.0,307.6,1569,35.6,173,5849.268529865764,9.600000000000023,6158.8
7226,0,0,0.0,Low Risk,0,0.0188,0,299.7,309.6,1399,51.3,144,7515.6006892563255,9.900000000000034,7387.2
4255,0,0,0.1405,Low Risk,0,0.0854,1,302.5,311.0,1387,52.1,116,7567.332248285437,8.5,6043.6
9248,0,0,0.0,Low Risk,0,0.0086,1,298.3,309.1,1488,40.6,176,6326.413622092982,10.800000000000011,7145.6
2778,0,0,0.0015,Low Risk,0,0.0127,0,300.0,309.4,1308,50.2,32,6876.066672765052,9.399999999999977,1606.4
8620,0,0,0.0,Low Risk,0,0.0026,0,297.6,308.5,1475,42.4,24,6549.173485183522,10.899999999999977,1017.5999999999999
7553,0,0,0.0,Low Risk,0,0.006,0,300.3,311.3,1505,39.6,107,6241.087965621483,11.0,4237.2
3718,0,0,0.0004,Low Risk,0,0.0126,0,302.4,311.4,1450,44.1,56,6696.304741126643,9.0,2469.6
4291,0,0,0.0254,Low Risk,0,0.1235,0,301.8,310.0,2032,19.0,203,4043.0203056598243,8.199999999999989,3857.0
6451,0,0,0.0,Low Risk,0,0.0104,0,300.7,310.2,1696,27.5,73,4884.129378780932,9.5,2007.5
982,0,0,0.0,Low Risk,0,0.0034,0,296.2,306.9,1516,39.1,138,6207.326316570904,10.699999999999989,5395.8
4099,0,0,0.0133,Low Risk,0,0.0116,0,302.0,310.4,1464,47.2,159,7236.218854572586,8.399999999999977,7504.8
4604,0,0,0.0,Low Risk,0,0.0043,0,302.9,311.0,1820,24.6,128,4688.512876217407,8.100000000000023,3148.8
8896,0,0,0.0,Low Risk,0,0.002,0,297.4,308.7,1638,31.9,131,5471.837588463486,11.300000000000011,4178.9
7844,0,0,0.0946,Low Risk,0,0.049,0,300.1,311.7,1503,42.6,208,6704.975536850552,11.599999999999966,8860.800000000001
3459,0,0,0.0086,Low Risk,0,0.0266,0,301.5,310.4,1270,54.2,26,7208.27962390666,8.899999999999977,1409.2
3833,0,0,0.0,Low Risk,0,0.0142,1,302.3,311.0,1541,36.6,143,5906.257020601884,8.699999999999989,5233.8
7490,0,0,0.0037,Low Risk,0,0.0069,1,300.4,311.8,1707,30.0,165,5362.698659677777,11.400000000000034,4950.0
4028,0,0,0.3368,Moderate Risk,1,0.5242,0,302.0,310.9,1455,43.2,220,6582.264927801335,8.899999999999977,9504.0
677,0,0,0.0,Low Risk,0,0.0025,0,297.9,309.2,1478,39.7,10,6144.599183254229,11.300000000000011,397.0
4324,0,0,0.0004,Low Risk,0,0.0048,0,301.7,310.2,1486,43.0,66,6691.38291263602,8.5,2838.0
56,0,0,0.0,Low Risk,0,0.004,0,298.8,309.1,1477,42.4,158,6558.053720417668,10.300000000000011,6699.2
2414,0,0,0.0012,Low Risk,0,0.007,0,299.1,308.5,1415,43.4,0,6430.944881653426,9.399999999999977,0.0
7662,0,0,0.0021,Low Risk,0,0.0107,1,300.5,311.6,1658,30.4,170,5278.210761247235,11.100000000000023,5168.0
2660,0,0,0.0533,Low Risk,0,0.0183,0,299.8,309.3,1291,56.4,188,7624.896697674714,9.5,10603.199999999999
1938,0,0,0.0,Low Risk,0,0.0026,0,298.1,307.9,1517,40.8,50,6481.482635474174,9.799999999999955,2039.9999999999998
3716,0,0,0.0,Low Risk,0,0.0039,0,302.3,311.4,1609,32.3,49,5442.358977397302,9.099999999999966,1582.6999999999998
7730,0,0,0.0067,Low Risk,0,0.0037,0,300.6,311.9,1472,44.2,126,6813.318595497351,11.299999999999955,5569.200000000001
2413,0,0,0.0339,Low Risk,0,0.0188,0,299.0,308.5,1886,23.0,198,4542.533537580602,9.5,4554.0
5543,0,0,0.0949,Low Risk,0,0.348,0,302.4,311.8,1255,59.0,138,7753.974267835208,9.400000000000034,8142.0
810,0,0,0.0,Low Risk,0,0.0037,0,296.9,307.7,1550,39.7,124,6443.930131288264,10.800000000000011,4922.8
4933,0,0,0.0,Low Risk,0,0.0026,2,303.4,312.2,1554,36.8,85,5988.629579979007,8.800000000000011,3127.9999999999995
2988,0,0,0.0067,Low Risk,0,0.0057,1,300.6,309.8,1532,42.5,130,6818.303255841048,9.199999999999989,5525.0
4136,0,0,0.0099,Low Risk,0,0.0089,0,301.7,310.1,1487,48.0,36,7474.4772414208355,8.400000000000034,1728.0
6564,0,0,0.0,Low Risk,0,0.0131,0,301.4,310.6,1557,38.2,157,6228.458763154052,9.200000000000045,5997.400000000001
4474,0,0,0.0067,Low Risk,0,0.0038,0,302.7,310.5,1563,35.0,8,5728.694203820987,7.800000000000011,280.0
6889,0,0,0.0007,Low Risk,0,0.0135,2,300.9,311.4,1387,42.7,121,6202.017024986338,10.5,5166.700000000001
973,0,0,0.0,Low Risk,0,0.002,0,295.9,306.6,1679,30.4,117,5345.063852915626,10.700000000000045,3556.7999999999997
7739,0,0,0.0017,Low Risk,0,0.0079,0,300.5,311.9,1576,31.1,149,5132.692189532957,11.399999999999977,4633.900000000001
5417,0,0,0.0164,Low Risk,0,0.0227,0,302.6,312.4,1386,45.8,38,6647.484391289858,9.799999999999955,1740.3999999999999
3666,0,0,0.0,Low Risk,0,0.0062,1,302.3,311.6,1608,39.9,136,6718.735712673275,9.300000000000011,5426.4
7345,0,0,0.0595,Low Risk,0,0.0253,0,299.6,310.2,1381,60.5,13,8749.387900125133,10.599999999999966,786.5
6845,0,0,0.0,Low Risk,0,0.0027,1,301.3,311.5,1648,32.4,0,5591.532268565257,10.199999999999989,0.0
7502,0,0,0.0021,Low Risk,0,0.008,2,300.3,311.7,1655,29.9,193,5182.004722218804,11.399999999999977,5770.7
3712,0,0,0.0,Low Risk,0,0.0054,0,302.3,311.5,1543,33.1,39,5348.383469152919,9.199999999999989,1290.9
5559,0,0,0.0,Low Risk,0,0.01,1,302.5,312.0,1451,43.2,189,6564.169354116658,9.5,8164.8
6744,0,0,0.0757,Low Risk,0,0.0618,1,301.7,311.0,1298,58.1,168,7897.314668642998,9.300000000000011,9760.800000000001
539,0,0,0.0,Low Risk,0,0.005,1,297.4,309.3,1775,25.8,91,4795.641185704819,11.900000000000034,2347.8
8964,0,0,0.0,Low Risk,0,0.0069,1,297.2,307.9,1456,44.9,85,6845.991159094686,10.699999999999989,3816.5
8957,0,0,0.0002,Low Risk,0,0.007,0,297.4,308.1,1348,53.7,68,7580.411745699884,10.700000000000045,3651.6000000000004
6575,0,0,0.0005,Low Risk,0,0.022,1,301.4,310.5,1451,45.3,183,6883.260919941773,9.100000000000023,8289.9
4676,0,0,0.0,Low Risk,0,0.0045,0,303.4,311.5,1879,21.3,78,4191.1673432276075,8.100000000000023,1661.4
8247,0,0,0.0,Low Risk,0,0.0074,0,299.0,310.4,1713,28.0,116,5022.778334559361,11.399999999999977,3248.0
1926,0,0,0.0,Low Risk,0,0.0027,0,298.0,307.7,1606,30.8,17,5179.941743042947,9.699999999999989,523.6
4588,0,0,0.0,Low Risk,0,0.0053,0,302.8,311.0,1564,38.5,85,6305.595334775193,8.199999999999989,3272.5
9810,0,0,0.0,Low Risk,0,0.0047,0,298.1,309.0,1502,40.9,153,6433.123052559914,10.899999999999977,6257.7
5820,0,0,0.2389,Low Risk,0,0.2208,0,301.3,311.1,1723,27.6,210,4979.927010764397,9.800000000000011,5796.0
5023,0,0,0.0,Low Risk,0,0.003,1,304.0,313.0,1575,34.5,92,5690.209693814512,9.0,3174.0
5030,0,0,0.0095,Low Risk,0,0.0251,1,303.9,313.1,1437,48.3,110,7268.294515565736,9.200000000000045,5313.0
2680,0,0,0.0,Low Risk,0,0.0071,0,299.8,309.5,1641,27.1,16,4657.002701901902,9.699999999999989,433.6
3636,0,0,0.0076,Low Risk,0,0.0251,0,302.2,311.4,1449,46.5,60,7055.860020329996,9.199999999999989,2790.0
8129,0,0,0.0,Low Risk,0,0.0032,0,300.0,311.3,1520,39.2,43,6239.6218890498085,11.300000000000011,1685.6000000000001
6546,0,0,0.0,Low Risk,0,0.0083,1,301.4,310.8,1530,39.9,107,6392.82689078987,9.400000000000034,4269.3
8792,0,0,0.0009,Low Risk,0,0.0097,0,297.4,308.5,1418,51.2,52,7602.821773295491,11.100000000000023,2662.4
9038,0,0,0.02,Low Risk,0,0.0332,0,297.3,308.3,2358,14.9,49,3679.2448203251506,11.0,730.1
8317,0,0,0.0,Low Risk,0,0.0038,0,298.7,309.7,1667,30.4,92,5306.862086247974,11.0,2796.7999999999997
6430,0,0,0.0,Low Risk,0,0.0055,0,300.3,309.8,1523,39.2,24,6251.9369322518805,9.5,940.8000000000001
881,0,0,0.0,Low Risk,0,0.0033,0,295.7,306.2,1464,46.2,92,7082.909133077404,10.5,4250.400000000001
9459,0,0,0.0,Low Risk,0,0.0034,0,298.4,309.1,1579,36.1,123,5969.225009355334,10.700000000000045,4440.3
5574,0,0,0.0277,Low Risk,0,0.078,0,302.4,312.0,1305,49.1,16,6709.970669169759,9.600000000000023,785.6
1345,0,0,0.0,Low Risk,0,0.0076,0,298.5,310.0,1804,26.1,22,4930.666837956109,11.5,574.2
4250,0,0,0.0,Low Risk,0,0.0049,0,302.6,311.0,1660,38.0,99,6605.722152948138,8.399999999999977,3762.0
1241,0,0,0.0,Low Risk,0,0.0056,1,297.1,308.5,1621,32.4,194,5499.923426786579,11.399999999999977,6285.599999999999
504,0,0,0.0004,Low Risk,0,0.0017,1,297.6,309.3,1529,41.9,3,6708.881583716515,11.699999999999989,125.69999999999999
1813,0,0,0.0,Low Risk,0,0.0072,0,298.1,307.7,1479,45.0,136,6969.623301988956,9.599999999999966,6120.0
3229,0,0,0.0,Low Risk,0,0.0131,0,300.6,309.4,1442,43.2,96,6523.454313326133,8.799999999999955,4147.200000000001
5699,0,0,0.0128,Low Risk,0,0.0042,0,302.4,311.9,1867,25.9,121,5063.755174737684,9.5,3133.8999999999996
3754,0,0,0.0014,Low Risk,0,0.018,0,302.3,311.0,1442,43.7,152,6598.957256767409,8.699999999999989,6642.400000000001
7448,0,0,0.0,Low Risk,0,0.0059,0,300.3,311.8,1488,38.4,51,5983.603031733263,11.5,1958.3999999999999
656,0,0,0.03,Low Risk,0,0.0102,1,297.7,309.1,1732,28.1,167,5096.626705869746,11.400000000000034,4692.7
7187,0,0,0.0122,Low Risk,0,0.0335,0,300.4,310.5,1402,54.3,44,7972.16834960253,10.100000000000023,2389.2
2181,0,0,0.014,Low Risk,0,0.0033,2,299.5,309.1,1548,44.3,40,7181.303814987836,9.600000000000023,1772.0
6817,0,0,0.0247,Low Risk,0,0.0188,1,301.0,310.7,1493,48.1,145,7520.271190334663,9.699999999999989,6974.5
4270,1,1,0.9997,High Risk,1,0.9926,0,302.6,310.9,1331,52.0,154,7247.863691341891,8.299999999999955,8008.0
4307,1,1,0.5929,Moderate Risk,1,0.9865,0,301.4,309.9,1259,63.9,20,8424.714771352139,8.5,1278.0
2445,0,0,0.0005,Low Risk,0,0.0122,2,299.2,308.7,1375,55.1,78,7933.830447253223,9.5,4297.8
6370,0,0,0.0012,Low Risk,0,0.0189,0,300.1,309.6,1321,46.9,75,6487.901956463009,9.5,3517.5
1331,0,0,0.4771,Moderate Risk,0,0.3333,2,298.9,310.2,1771,26.8,216,4970.292793293388,11.300000000000011,5788.8
7576,0,0,0.0,Low Risk,0,0.0056,1,300.3,311.1,1477,44.2,166,6836.461661378797,10.800000000000011,7337.200000000001
6238,0,0,0.0551,Low Risk,0,0.0998,0,301.3,310.8,1390,57.4,164,8355.170381977174,9.5,9413.6
2256,0,0,0.0,Low Risk,0,0.0035,0,299.1,308.3,1489,38.1,32,5940.845955717907,9.199999999999989,1219.2
618,0,0,0.0162,Low Risk,0,0.007,2,298.2,310.0,1433,44.2,68,6632.802681622083,11.800000000000011,3005.6000000000004
1009,0,0,0.0012,Low Risk,0,0.0063,1,296.2,307.2,1385,44.0,5,6381.621876992066,11.0,220.0
1879,0,0,0.0,Low Risk,0,0.0027,1,298.2,307.7,1608,33.8,106,5691.560578655555,9.5,3582.7999999999997
6522,0,0,0.0157,Low Risk,0,0.0101,0,301.1,310.1,1489,45.8,42,7141.489364091341,9.0,1923.6
1379,0,0,0.0,Low Risk,0,0.003,0,298.7,310.1,1620,34.8,112,5903.680914625938,11.400000000000034,3897.5999999999995
4967,0,0,0.0096,Low Risk,0,0.0147,0,303.9,312.6,1426,53.4,172,7974.241800753899,8.700000000000045,9184.8
5423,0,0,0.0,Low Risk,0,0.0017,0,302.6,312.3,1647,31.8,52,5484.655286490132,9.699999999999989,1653.6000000000001
6227,0,0,0.0,Low Risk,0,0.0072,0,301.2,310.8,1479,38.2,139,5916.435780799514,9.600000000000023,5309.8
306,0,0,0.0067,Low Risk,0,0.0111,0,297.8,308.4,1374,47.1,150,6776.98084047083,10.599999999999966,7065.0
7288,0,0,0.0,Low Risk,0,0.0134,1,300.2,310.6,1983,20.8,83,4319.312907567535,10.400000000000034,1726.4
8500,0,0,0.0037,Low Risk,0,0.005,0,298.3,309.5,1711,30.3,148,5429.017680595058,11.199999999999989,4484.400000000001
9981,0,0,0.0067,Low Risk,0,0.0156,0,298.7,308.5,1353,47.0,190,6659.233947814284,9.800000000000011,8930.0
9054,0,0,0.0,Low Risk,0,0.003,1,297.3,308.4,1521,38.2,87,6084.4481559134965,11.099999999999966,3323.4
7174,0,0,0.0292,Low Risk,0,0.0095,0,300.2,310.2,1530,48.5,15,7770.729428654353,10.0,727.5
380,1,1,0.9933,High Risk,1,0.9937,0,297.5,308.3,2564,12.8,127,3436.8185872231384,10.800000000000011,1625.6000000000001
5295,0,0,0.0012,Low Risk,0,0.046,0,303.8,313.2,1336,47.8,176,6687.487337745568,9.399999999999977,8412.8
7339,0,0,0.0,Low Risk,0,0.004,0,299.8,310.4,1579,36.4,0,6018.830757355517,10.599999999999966,0.0
6279,0,0,0.0348,Low Risk,0,0.0267,0,301.3,310.8,1432,54.4,51,8157.752699625592,9.5,2774.4
6572,0,0,0.0206,Low Risk,0,0.0293,0,301.4,310.7,1428,53.7,176,8030.287813693943,9.300000000000011,9451.2
6208,0,0,0.0105,Low Risk,0,0.0613,1,300.7,310.6,1418,46.3,84,6875.20797077307,9.900000000000034,3889.2
6180,0,0,0.0006,Low Risk,0,0.0064,0,301.0,310.9,1492,44.6,15,6968.387608878544,9.899999999999977,669.0
4392,0,0,0.0162,Low Risk,0,0.0167,0,302.2,310.1,1458,45.1,15,6885.931273697324,7.900000000000034,676.5
9650,0,0,0.0007,Low Risk,0,0.0318,1,299.1,310.0,1437,41.1,192,6184.82204119569,10.899999999999977,7891.200000000001
6630,0,0,0.0082,Low Risk,0,0.0422,1,301.6,310.5,1414,49.3,106,7300.035073342506,8.899999999999977,5225.799999999999
1616,0,0,0.0,Low Risk,0,0.0027,2,297.8,307.8,1662,30.7,48,5343.157953372448,10.0,1473.6
8309,0,0,0.0,Low Risk,0,0.0039,1,298.7,310.0,1459,40.2,69,6142.002133327261,11.300000000000011,2773.8
4754,0,0,0.302,Moderate Risk,0,0.0802,1,303.3,311.5,1384,54.8,48,7942.281331491379,8.199999999999989,2630.3999999999996
7287,0,0,0.0,Low Risk,0,0.0054,1,300.2,310.4,1530,35.7,80,5719.897744390937,10.199999999999989,2856.0
8893,0,0,0.0067,Low Risk,0,0.0094,0,297.5,308.7,1371,46.5,121,6676.04146851099,11.199999999999989,5626.5
313,0,0,0.0,Low Risk,0,0.0076,0,298.0,308.6,1313,50.8,170,6984.849554383353,10.600000000000023,8636.0
8371,0,0,0.0,Low Risk,0,0.0089,0,298.7,309.7,1881,21.7,29,4274.419548547736,11.0,629.3
4429,0,0,0.0,Low Risk,0,0.0044,1,302.3,310.1,1731,33.4,112,6054.414530145176,7.800000000000011,3740.7999999999997
6121,0,0,0.0,Low Risk,0,0.0041,0,300.9,311.1,1457,37.4,96,5706.367952029475,10.200000000000045,3590.3999999999996
5534,0,0,0.0,Low Risk,0,0.0076,1,302.3,311.7,1494,37.1,114,5804.34375491943,9.399999999999977,4229.400000000001
7505,0,0,0.2806,Moderate Risk,0,0.2431,0,300.5,311.9,1546,39.4,203,6378.731611750763,11.399999999999977,7998.2
1448,0,0,0.0,Low Risk,0,0.0029,1,299.0,310.3,1657,31.0,70,5379.139661231563,11.300000000000011,2170.0
1337,0,0,0.0,Low Risk,0,0.0025,2,298.7,310.2,1613,36.0,0,6080.866740288403,11.5,0.0
2912,0,0,0.0021,Low Risk,0,0.0042,0,300.7,309.6,1661,30.3,129,5270.367251588773,8.900000000000034,3908.7000000000003
9311,0,0,0.0,Low Risk,0,0.0043,0,298.4,309.4,1540,43.2,141,6966.795868600725,11.0,6091.200000000001
3695,1,1,0.595,Moderate Risk,1,0.611,0,302.2,311.3,1530,37.3,207,5976.251704923862,9.100000000000023,7721.099999999999
6931,0,0,0.0,Low Risk,0,0.0039,1,300.8,311.4,1521,39.9,15,6355.2220267264,10.599999999999966,598.5
4394,0,0,0.0142,Low Risk,0,0.0137,0,302.2,310.0,1483,48.7,20,7563.08062622758,7.800000000000011,974.0
5848,0,0,0.02,Low Risk,0,0.0263,0,301.4,311.3,2323,15.9,50,3867.8974591732176,9.900000000000034,795.0
3966,0,0,0.0,Low Risk,0,0.0054,0,302.3,311.5,1530,37.8,57,6056.362317590402,9.199999999999989,2154.6
787,0,0,0.0098,Low Risk,0,0.0188,0,296.9,308.1,1435,45.3,62,6807.360041431042,11.200000000000045,2808.6
9855,0,0,0.0,Low Risk,0,0.0042,0,298.7,309.6,1516,38.5,61,6112.073227314062,10.900000000000034,2348.5
846,0,0,0.0244,Low Risk,0,0.1084,1,296.4,307.4,1416,50.0,210,7414.158662471911,11.0,10500.0
6693,0,0,0.0,Low Risk,0,0.0077,1,301.8,311.0,1756,26.7,33,4909.806662736271,9.199999999999989,881.1
7015,0,0,0.0,Low Risk,0,0.016,0,300.5,310.5,1452,42.9,29,6523.077322207702,10.0,1244.1
4487,0,0,0.0108,Low Risk,0,0.0305,0,302.5,310.5,1436,36.5,43,5488.781244841847,8.0,1569.5
3451,0,0,0.0004,Low Risk,0,0.0139,0,301.6,310.6,1455,43.9,0,6688.921998390708,9.0,0.0
8472,0,0,0.0,Low Risk,0,0.0033,0,298.5,309.7,1634,37.8,78,6468.036618916809,11.199999999999989,2948.3999999999996
4283,1,1,0.7864,High Risk,1,0.8659,1,301.8,309.9,1334,61.0,182,8521.465353107194,8.099999999999966,11102.0
5539,0,0,0.0,Low Risk,0,0.0071,2,302.3,311.7,1482,39.0,127,6052.5924064060955,9.399999999999977,4953.0
4673,0,0,0.0,Low Risk,0,0.0042,0,303.4,311.5,1501,36.2,69,5690.073558132857,8.100000000000023,2497.8
9109,0,0,0.0,Low Risk,0,0.0031,0,297.5,308.6,1513,39.7,32,6290.107282992996,11.100000000000023,1270.4
9997,0,0,0.0,Low Risk,0,0.0018,1,299.0,308.6,1645,33.4,22,5753.617505539467,9.600000000000023,734.8
6057,0,0,0.0089,Low Risk,0,0.0092,0,300.8,310.8,1689,32.9,151,5819.077824464765,10.0,4967.9
8078,0,0,0.0,Low Risk,0,0.0052,0,300.3,311.7,1571,31.2,123,5132.859741141147,11.399999999999977,3837.6
3582,0,0,0.0022,Low Risk,0,0.0528,0,301.8,310.6,1395,50.5,131,7377.244948792231,8.800000000000011,6615.5
8485,0,0,0.0,Low Risk,0,0.0209,0,298.4,309.5,1450,47.9,112,7273.310591835969,11.100000000000023,5364.8
1903,0,0,0.0031,Low Risk,0,0.0103,0,297.9,307.6,1968,20.4,171,4204.204952740004,9.700000000000045,3488.3999999999996
7263,0,0,0.0402,Low Risk,0,0.0412,0,300.4,310.6,1429,46.9,19,7018.328460095108,10.200000000000045,891.1
2169,0,0,0.0062,Low Risk,0,0.0086,0,299.5,309.1,1415,49.2,8,7290.379911920473,9.600000000000023,393.6
716,0,0,0.0354,Low Risk,0,0.0258,2,297.4,308.6,1420,45.8,120,6810.553993962192,11.200000000000045,5496.0
3671,0,0,0.0,Low Risk,0,0.0084,1,302.3,311.7,1486,39.6,147,6162.2968218694505,9.399999999999977,5821.2
1964,0,0,0.0021,Low Risk,0,0.0164,1,297.8,307.5,1405,46.9,113,6900.455903732421,9.699999999999989,5299.7
7176,0,0,0.0,Low Risk,0,0.0035,0,300.1,310.1,1650,31.6,19,5460.08803193906,10.0,600.4
21,0,0,0.007,Low Risk,0,0.0407,0,298.8,309.3,1450,44.8,63,6802.595292573098,10.5,2822.3999999999996
9159,0,0,0.0,Low Risk,0,0.005,1,297.5,308.6,1510,35.5,155,5613.502473189362,11.100000000000023,5502.5
6182,0,0,0.0,Low Risk,0,0.0045,0,301.0,310.8,1475,35.3,19,5452.495849692884,9.800000000000011,670.6999999999999
9353,0,0,0.0067,Low Risk,0,0.0089,0,298.2,308.8,1345,44.3,37,6239.569529172247,10.600000000000023,1639.1
2897,0,0,0.0,Low Risk,0,0.0052,1,300.6,309.5,1530,40.2,93,6440.893258389794,8.899999999999977,3738.6000000000004
788,0,0,0.008,Low Risk,0,0.0155,1,296.9,308.1,1440,46.3,64,6981.875513337956,11.200000000000045,2963.2
4968,0,0,0.0,Low Risk,0,0.0032,1,303.9,312.7,1485,43.3,174,6733.532614071682,8.800000000000011,7534.2
3785,0,0,0.0,Low Risk,0,0.0045,0,302.3,310.9,1545,36.7,18,5937.767194917389,8.599999999999966,660.6
3944,0,0,0.2157,Low Risk,0,0.151,0,302.2,311.2,1381,49.4,207,7144.1283019203565,9.0,10225.8
7173,0,0,0.0,Low Risk,0,0.005,0,300.1,310.1,1684,30.8,13,5431.520482742418,10.0,400.40000000000003
7313,0,0,0.0002,Low Risk,0,0.0211,0,299.9,310.4,1408,38.4,144,5661.903944005669,10.5,5529.599999999999
1508,0,1,0.5189,Moderate Risk,1,0.5258,1,298.0,308.6,1507,37.3,217,5886.412627006707,10.600000000000023,8094.099999999999
924,0,0,0.149,Low Risk,0,0.1563,0,295.5,306.0,1800,27.6,208,5202.477434344697,10.5,5740.8
2493,0,0,0.2494,Low Risk,0,0.1474,1,299.0,308.8,1418,45.7,204,6786.112403117265,9.800000000000011,9322.800000000001
9530,0,0,0.0025,Low Risk,0,0.0217,2,299.1,310.4,1405,53.6,86,7886.2353185513375,11.299999999999955,4609.6
2129,0,0,0.0,Low Risk,0,0.0035,2,299.4,309.0,1607,33.7,130,5671.192586284783,9.600000000000023,4381.0
3727,0,0,0.0,Low Risk,0,0.0052,0,302.3,311.2,1786,24.3,81,4544.81642824221,8.899999999999977,1968.3
1738,0,0,0.0,Low Risk,0,0.0067,2,298.4,307.9,1948,21.4,136,4365.47337562428,9.5,2910.3999999999996
9881,0,0,0.0,Low Risk,0,0.0074,0,298.8,309.8,1493,38.5,132,6019.3438841556035,11.0,5082.0
2815,0,0,0.0,Low Risk,0,0.0034,1,300.1,309.4,1569,31.6,124,5192.047346734779,9.299999999999955,3918.4
7526,0,0,0.0,Low Risk,0,0.0023,0,300.1,311.4,1660,31.4,38,5458.412515857146,11.299999999999955,1193.2
3699,0,0,0.0,Low Risk,0,0.0033,0,302.2,311.2,1649,33.2,9,5733.07148958499,9.0,298.8
9308,0,0,0.0036,Low Risk,0,0.0331,0,298.4,309.1,1423,48.0,135,7152.778153693241,10.700000000000045,6480.0
2237,0,0,0.0054,Low Risk,0,0.0125,0,299.3,308.6,1403,50.6,189,7434.243911503862,9.300000000000011,9563.4
7045,0,0,0.0022,Low Risk,0,0.0094,1,300.7,310.6,1609,27.6,108,4650.4367732558985,9.900000000000034,2980.8
812,0,0,0.0,Low Risk,0,0.007,0,296.8,307.6,1338,44.4,128,6221.107436344651,10.800000000000011,5683.2
6012,0,0,0.0089,Low Risk,0,0.0206,2,300.8,310.9,1425,44.0,33,6565.928646002667,10.099999999999966,1452.0
1833,1,1,0.7,High Risk,1,0.9888,0,297.8,307.3,1327,61.0,186,8476.750017671098,9.5,11346.0
5087,0,0,0.0163,Low Risk,0,0.0035,1,304.0,313.0,1685,28.2,66,4975.9686040208735,9.0,1861.2
5478,0,0,0.0,Low Risk,0,0.0051,0,302.7,312.2,1611,34.1,186,5752.790219474022,9.5,6342.6
1681,0,0,0.419,Moderate Risk,0,0.4125,1,297.8,307.3,1804,26.0,222,4911.775394132522,9.5,5772.0
3051,0,0,0.0015,Low Risk,0,0.0112,0,300.2,309.3,1366,49.3,59,7052.226244827344,9.100000000000023,2908.7
8361,0,0,0.0004,Low Risk,0,0.0107,0,298.6,309.5,1450,44.3,7,6726.673470111345,10.899999999999977,310.09999999999997
8426,0,0,0.0,Low Risk,0,0.0064,0,299.1,310.5,1628,35.9,174,6120.367031919539,11.399999999999977,6246.599999999999
5747,0,0,0.0,Low Risk,0,0.0058,0,302.1,311.5,1533,39.4,26,6325.094153178474,9.399999999999977,1024.3999999999999
5793,0,0,0.0014,Low Risk,0,0.0051,0,301.8,311.3,1471,44.2,148,6808.689982321063,9.5,6541.6
7154,0,0,0.0,Low Risk,0,0.0171,0,300.3,310.1,1483,39.9,174,6196.445934013971,9.800000000000011,6942.599999999999
6981,0,0,0.0,Low Risk,0,0.0063,2,300.8,311.2,1612,32.5,143,5486.267970718975,10.399999999999977,4647.5
9912,0,0,0.0,Low Risk,0,0.0105,0,298.6,308.9,1327,58.8,9,8171.031164574763,10.299999999999955,529.1999999999999
1701,0,0,0.0,Low Risk,0,0.0025,0,298.0,307.7,1479,42.5,47,6582.422007434014,9.699999999999989,1997.5
4305,0,0,0.0,Low Risk,0,0.0045,0,301.6,310.1,1687,26.6,16,4699.215235190637,8.5,425.6
4614,0,0,0.0,Low Risk,0,0.007,2,303.0,311.2,1503,37.0,152,5823.570301959399,8.199999999999989,5624.0
3468,0,0,0.0,Low Risk,0,0.0095,0,301.8,310.7,2092,18.6,51,4074.7713354121056,8.899999999999977,948.6
8933,0,0,0.0004,Low Risk,0,0.002,1,297.3,308.3,1544,41.7,6,6742.360489428271,11.0,250.20000000000002
2624,0,0,0.0067,Low Risk,0,0.0196,2,299.7,309.5,1375,46.8,86,6738.7162419501055,9.800000000000011,4024.7999999999997
4319,0,0,0.075,Low Risk,0,0.1585,1,301.6,310.2,1411,45.1,54,6663.956808770181,8.599999999999966,2435.4
2114,0,0,0.0017,Low Risk,0,0.01,2,299.4,309.1,1373,44.1,81,6340.707868666816,9.700000000000045,3572.1
3682,0,0,0.0,Low Risk,0,0.0086,0,302.1,311.2,1550,34.8,177,5648.583591154447,9.099999999999966,6159.599999999999
4575,0,0,0.0422,Low Risk,0,0.0605,1,302.9,311.0,1437,49.9,55,7509.0661765368595,8.100000000000023,2744.5
7242,0,0,0.0056,Low Risk,0,0.0155,2,299.9,310.1,1447,51.4,185,7788.615562828792,10.200000000000045,9509.0
9410,0,0,0.0082,Low Risk,0,0.0063,1,298.0,308.5,1666,31.0,198,5408.356472909948,10.5,6138.0
9624,0,0,0.0,Low Risk,0,0.0088,2,299.0,310.1,1555,38.6,118,6285.593861547338,11.100000000000023,4554.8
6015,0,0,0.0,Low Risk,0,0.0058,1,300.8,310.8,1520,38.0,45,6048.613055711548,10.0,1710.0
8883,0,0,0.0,Low Risk,0,0.0028,1,297.9,309.2,1529,38.1,96,6100.438862520268,11.300000000000011,3657.6000000000004
2949,0,0,0.0343,Low Risk,0,0.0062,1,300.7,309.5,1470,48.7,21,7496.782549261323,8.800000000000011,1022.7
5742,0,0,0.0226,Low Risk,0,0.0986,0,302.3,311.7,1414,47.0,11,6959.465485742348,9.399999999999977,517.0
7016,0,0,0.0425,Low Risk,0,0.006,0,300.6,310.5,1509,43.1,31,6810.75296149692,9.899999999999977,1336.1000000000001
1032,0,0,0.0,Low Risk,0,0.0018,0,296.3,307.4,1648,34.0,60,5867.657318864776,11.099999999999966,2040.0
2878,0,0,0.0,Low Risk,0,0.004,2,300.5,309.4,1502,34.3,40,5395.015176107703,8.899999999999977,1372.0
3766,0,0,0.0992,Low Risk,0,0.1291,0,302.3,311.1,1373,53.0,181,7620.351860302521,8.800000000000011,9593.0
974,0,0,0.0,Low Risk,0,0.0027,0,296.0,306.6,1511,35.2,119,5569.750559500369,10.600000000000023,4188.8
7805,0,0,0.0006,Low Risk,0,0.0031,0,299.9,311.4,1706,28.8,111,5145.1747843432195,11.5,3196.8
3059,0,0,0.0017,Low Risk,0,0.0119,1,300.0,309.0,1368,45.8,81,6561.15342516921,9.0,3709.7999999999997
9076,0,0,0.0,Low Risk,0,0.004,0,297.2,308.1,1474,44.3,152,6838.011513754567,10.900000000000034,6733.599999999999
2195,0,0,0.0,Low Risk,0,0.0036,0,299.6,308.9,1613,30.8,80,5202.519322246745,9.299999999999955,2464.0
3908,0,0,0.0,Low Risk,0,0.0048,0,302.3,311.2,1633,36.4,114,6224.66790801872,8.899999999999977,4149.599999999999
1085,1,1,0.88,High Risk,1,0.9398,0,297.0,307.8,1385,56.4,202,8180.078951417103,10.800000000000011,11392.8
4296,1,1,0.8991,High Risk,1,0.9097,0,301.8,310.2,2825,5.8,215,1715.8331876356253,8.399999999999977,1247.0
3149,0,0,0.0,Low Risk,0,0.0043,2,300.4,309.7,1500,35.2,112,5529.203070318036,9.300000000000011,3942.4000000000005
2922,0,0,0.0,Low Risk,0,0.0085,0,300.8,309.7,1481,38.1,153,5908.927374357434,8.899999999999977,5829.3
8145,0,0,0.0109,Low Risk,0,0.0041,1,299.7,310.9,1685,32.1,88,5664.134474789717,11.199999999999989,2824.8
497,0,0,0.2221,Low Risk,0,0.1635,0,297.4,309.0,1505,39.2,209,6178.046673039448,11.600000000000023,8192.800000000001
6292,0,0,0.0,Low Risk,0,0.0046,0,301.0,310.4,1614,31.6,84,5340.958838514935,9.399999999999977,2654.4
2865,0,0,0.0,Low Risk,0,0.0026,2,300.7,309.7,1623,32.7,0,5557.697315686096,9.0,0.0
3969,0,0,0.0,Low Risk,0,0.0052,0,302.3,311.4,1504,38.7,65,6095.192402788773,9.099999999999966,2515.5
163,0,0,0.0004,Low Risk,0,0.002,1,298.4,308.2,1468,43.8,2,6733.312702585931,9.800000000000011,87.6
1571,0,0,0.0,Low Risk,0,0.0062,0,298.3,308.4,1528,37.3,160,5968.439611191936,10.099999999999966,5968.0
1,0,0,0.0025,Low Risk,0,0.0187,0,298.2,308.7,1408,46.3,3,6826.722724152667,10.5,138.89999999999998
6910,0,0,0.0019,Low Risk,0,0.0317,0,300.8,311.2,1434,45.6,174,6847.6666751766,10.399999999999977,7934.400000000001
2881,0,0,0.0,Low Risk,0,0.0039,1,300.6,309.6,1588,37.0,50,6152.913931810729,9.0,1850.0
7839,0,0,0.0271,Low Risk,0,0.027,0,300.3,311.6,1374,47.4,197,6820.146323531153,11.300000000000011,9337.8
323,0,0,0.0,Low Risk,0,0.0058,0,297.8,308.5,1561,46.3,194,7568.546997444824,10.699999999999989,8982.199999999999
9778,0,0,0.0005,Low Risk,0,0.0161,2,298.7,309.7,1311,54.5,52,7482.17414342213,11.0,2834.0
7080,0,0,0.072,Low Risk,0,0.0926,0,300.7,310.4,1543,47.3,203,7642.856135677735,9.699999999999989,9601.9
7871,0,0,0.0079,Low Risk,0,0.0076,0,300.6,312.2,1308,54.7,52,7492.447151399369,11.599999999999966,2844.4
314,0,0,0.0005,Low Risk,0,0.0072,1,297.9,308.5,1300,53.0,172,7215.191127744558,10.600000000000023,9116.0
2043,0,0,0.0133,Low Risk,0,0.0119,1,299.2,309.0,1597,30.3,115,5067.294702460728,9.800000000000011,3484.5
9331,0,0,0.0,Low Risk,0,0.0149,0,298.4,308.9,1496,37.9,194,5937.442563676517,10.5,7352.599999999999
7997,1,1,0.9933,High Risk,1,0.9655,1,301.0,312.2,2710,9.7,143,2752.7682028304957,11.199999999999989,1387.1
7340,0,0,0.0191,Low Risk,0,0.0592,0,299.7,310.3,1386,46.6,2,6763.597655766537,10.600000000000023,93.2
7942,0,0,0.0249,Low Risk,0,0.0295,0,300.8,311.7,1432,45.8,6,6868.107971375956,10.899999999999977,274.79999999999995
5015,0,0,0.0006,Low Risk,0,0.0017,0,303.9,313.0,1759,28.4,74,5231.338198855675,9.100000000000023,2101.6
3570,0,0,0.0104,Low Risk,0,0.1562,2,301.8,310.6,1441,46.3,100,6986.724037999997,8.800000000000011,4630.0
232,0,0,0.0,Low Risk,0,0.0229,0,298.2,308.4,1424,47.6,179,7098.156329422827,10.199999999999989,8520.4
7177,0,0,0.0107,Low Risk,0,0.0335,0,300.2,310.2,1415,49.6,21,7349.651293318201,10.0,1041.6000000000001
9042,0,0,0.0,Low Risk,0,0.0019,1,297.3,308.4,1599,32.9,58,5509.0026295554535,11.099999999999966,1908.1999999999998
248,1,1,0.8733,High Risk,1,0.9967,0,298.0,308.3,1362,56.8,216,8101.28780766507,10.300000000000011,12268.8
3926,0,0,0.0,Low Risk,0,0.0098,0,302.6,311.5,1609,36.0,162,6065.787095551173,8.899999999999977,5832.0
8748,0,0,0.0,Low Risk,0,0.0128,0,297.3,308.5,1384,39.6,144,5739.312786990121,11.199999999999989,5702.400000000001
6554,0,0,0.0,Low Risk,0,0.0125,1,301.4,310.7,1639,29.8,127,5114.743223505447,9.300000000000011,3784.6
3303,0,0,0.0219,Low Risk,0,0.0356,0,301.2,310.4,1390,49.9,74,7263.466934854721,9.199999999999989,3692.6
7492,0,0,0.0009,Low Risk,0,0.0121,1,300.3,311.7,1319,51.4,170,7099.643349945524,11.399999999999977,8738.0
3989,0,0,0.0,Low Risk,0,0.0037,0,302.2,311.3,1602,32.8,120,5502.562364615594,9.100000000000023,3935.9999999999995
342,0,0,0.001,Low Risk,0,0.0041,0,297.4,308.2,1471,46.5,25,7162.988329817407,10.800000000000011,1162.5
2884,0,0,0.0012,Low Risk,0,0.0165,0,300.6,309.6,1409,42.4,57,6256.125722456666,9.0,2416.7999999999997
9371,0,0,0.0,Low Risk,0,0.0056,0,297.7,308.4,1289,51.3,82,6924.667111116086,10.699999999999989,4206.599999999999
9232,0,0,0.0,Low Risk,0,0.0074,0,298.2,309.1,1350,52.0,136,7351.326809400116,10.900000000000034,7072.0
1418,0,0,0.3072,Moderate Risk,1,0.6719,0,298.8,309.9,1320,47.4,210,6552.105638326872,11.099999999999966,9954.0
3502,0,0,0.0141,Low Risk,0,0.0607,1,301.8,310.9,1346,44.6,142,6286.494451441367,9.099999999999966,6333.2
7702,0,0,0.0,Low Risk,0,0.0046,1,300.7,311.7,1701,30.8,44,5486.351746523072,11.0,1355.2
4766,0,0,0.0267,Low Risk,0,0.008,1,303.6,312.0,1645,35.7,81,6149.8246990347,8.399999999999977,2891.7000000000003
1847,0,0,0.0022,Low Risk,0,0.0103,0,297.8,307.3,1412,50.7,24,7496.719717408252,9.5,1216.8000000000002
2199,0,0,0.0205,Low Risk,0,0.0117,1,299.8,309.1,1268,58.0,90,7701.509670520258,9.300000000000011,5220.0
8150,0,0,0.009,Low Risk,0,0.0123,1,299.5,310.7,1424,41.3,101,6158.694462293334,11.199999999999989,4171.299999999999
8846,1,1,0.86,High Risk,1,0.9949,1,297.4,308.8,1325,62.4,204,8658.22935329347,11.400000000000034,12729.6
978,0,0,0.0,Low Risk,0,0.002,1,296.2,306.8,1526,42.3,129,6759.639249023014,10.600000000000023,5456.7
1481,0,0,0.0072,Low Risk,0,0.018,1,298.2,309.2,1332,60.2,147,8397.100171927086,11.0,8849.4
4636,0,0,0.2484,Low Risk,0,0.1153,0,303.0,311.3,1466,43.0,210,6601.3239232331125,8.300000000000011,9030.0
4994,0,0,0.0022,Low Risk,0,0.005,1,303.5,312.6,1642,29.4,18,5055.325234450551,9.100000000000023,529.1999999999999
5817,0,0,0.3217,Moderate Risk,0,0.4077,0,301.3,311.0,1542,35.1,204,5667.87297004749,9.699999999999989,7160.400000000001
4132,0,0,0.063,Low Risk,0,0.0782,1,301.8,310.3,1409,52.5,26,7746.382085589032,8.5,1365.0
8525,0,0,0.0002,Low Risk,0,0.0109,0,298.3,309.4,1378,52.3,12,7547.0899196208065,11.099999999999966,627.5999999999999
4866,0,0,0.0006,Low Risk,0,0.0016,0,303.6,312.4,1781,28.7,124,5352.718867014873,8.799999999999955,3558.7999999999997
7693,0,0,0.0,Low Risk,0,0.0076,0,300.6,311.6,1964,21.4,15,4401.329419777252,11.0,321.0
6311,0,0,0.0,Low Risk,0,0.0257,0,300.9,310.3,1446,44.5,135,6738.402082684747,9.400000000000034,6007.5
8324,0,0,0.0016,Low Risk,0,0.0436,1,298.7,309.5,1394,46.0,113,6715.049577293063,10.800000000000011,5198.0
2251,0,0,0.0091,Low Risk,0,0.0073,2,299.1,308.3,1424,43.4,16,6471.848418003165,9.199999999999989,694.4
8445,0,0,0.0,Low Risk,0,0.0028,1,298.6,310.0,1541,36.9,12,5954.6689633937,11.399999999999977,442.79999999999995
1038,0,0,0.0,Low Risk,0,0.002,0,296.6,307.6,1498,41.1,80,6447.364939256189,11.0,3288.0
1084,0,0,0.0,Low Risk,0,0.0054,1,297.0,307.7,1498,47.1,199,7388.58609827169,10.699999999999989,9372.9
8549,0,0,0.0,Low Risk,0,0.004,0,298.3,309.3,1558,37.2,73,6069.3056793231935,11.0,2715.6000000000004
1109,0,0,0.0,Low Risk,0,0.0027,0,296.6,307.5,1557,35.1,60,5723.00792111799,10.899999999999977,2106.0
9256,0,0,0.0,Low Risk,0,0.0121,0,298.2,309.1,1569,35.2,199,5783.546411552666,10.900000000000034,7004.8
6035,0,0,0.0,Low Risk,0,0.006,1,300.6,310.9,1702,30.3,91,5400.460603373926,10.299999999999955,2757.3
2490,0,0,0.0,Low Risk,0,0.0061,2,299.1,308.8,1566,46.6,192,7641.986961710244,9.699999999999989,8947.2
6531,0,0,0.0022,Low Risk,0,0.0095,2,301.2,310.7,1656,26.2,64,4543.496959327702,9.5,1676.8
5072,0,0,0.05,Low Risk,0,0.0287,0,304.1,313.0,1408,45.3,28,6679.277308944186,8.899999999999977,1268.3999999999999
1976,0,0,0.0021,Low Risk,0,0.0204,1,298.1,307.7,1419,47.4,142,7043.513561201386,9.599999999999966,6730.8
4297,0,0,0.3623,Moderate Risk,0,0.4978,1,301.8,310.2,1609,34.2,217,5762.497740773614,8.399999999999977,7421.400000000001
6504,0,0,0.161,Low Risk,0,0.2474,1,301.0,310.1,1681,27.4,212,4823.329088958457,9.100000000000023,5808.799999999999
7748,0,0,0.0002,Low Risk,0,0.0069,0,300.4,311.7,1515,47.4,170,7520.030334897888,11.300000000000011,8058.0
3551,0,0,0.0,Low Risk,0,0.0082,0,301.9,310.9,1799,24.2,54,4559.058314938483,9.0,1306.8
8112,0,0,0.103,Low Risk,0,0.1738,1,300.4,311.8,1442,45.1,0,6810.365498402977,11.400000000000034,0.0
9243,0,0,0.0,Low Risk,0,0.0067,0,298.3,308.8,1454,49.0,166,7460.8636732552795,10.5,8134.0
1843,0,0,0.0,Low Risk,0,0.003,0,297.6,307.1,1496,39.2,12,6141.101543433232,9.5,470.40000000000003
9643,0,0,0.0,Low Risk,0,0.0118,0,299.4,310.4,1509,40.6,175,6415.697685308003,11.0,7105.0
3617,0,0,0.0,Low Risk,0,0.0045,0,301.8,311.0,1529,41.6,12,6660.846632043127,9.199999999999989,499.20000000000005
3081,0,0,0.0,Low Risk,0,0.0102,1,300.0,309.3,1932,21.8,135,4410.544758227782,9.300000000000011,2943.0
9889,0,0,0.0,Low Risk,0,0.0079,2,298.8,309.6,1516,40.2,152,6381.95698020845,10.800000000000011,6110.400000000001
8765,0,0,0.02,Low Risk,0,0.0093,0,297.4,308.8,1353,49.4,188,6999.279936638843,11.400000000000034,9287.199999999999
3807,0,0,0.0,Low Risk,0,0.0053,1,302.3,311.0,1546,35.5,70,5747.334320232287,8.699999999999989,2485.0
8939,0,0,0.0121,Low Risk,0,0.0281,1,297.3,308.4,1434,44.8,21,6727.532172103326,11.099999999999966,940.8
4542,0,0,0.0,Low Risk,0,0.007,1,302.5,310.4,1581,32.7,181,5413.875204004755,7.899999999999977,5918.700000000001
6805,0,0,0.0,Low Risk,0,0.0086,1,301.0,310.7,1497,37.6,116,5894.381800371314,9.699999999999989,4361.6
8738,0,0,0.0,Low Risk,0,0.0037,0,297.3,308.7,1531,36.7,116,5883.962184736907,11.399999999999977,4257.200000000001
5651,0,0,0.3885,Moderate Risk,0,0.241,1,302.5,312.0,1447,45.7,210,6924.89749457735,9.5,9597.0
5980,0,0,0.0,Low Risk,0,0.0092,1,300.6,310.7,1654,32.0,180,5542.607198973352,10.099999999999966,5760.0
3037,0,0,0.0,Low Risk,0,0.0073,0,300.5,309.7,1887,24.3,28,4801.830123232391,9.199999999999989,680.4
131,0,0,0.0,Low Risk,0,0.0051,0,298.8,308.4,1737,27.7,130,5038.580545606917,9.599999999999966,3601.0
9091,0,0,0.0015,Low Risk,0,0.0071,1,297.2,308.0,1765,31.1,191,5748.224438150804,10.800000000000011,5940.1
1694,0,0,0.0,Low Risk,0,0.0035,0,298.0,307.5,1618,35.2,31,5964.167045183055,9.5,1091.2
8812,0,0,0.0072,Low Risk,0,0.0073,1,297.2,308.4,1378,41.9,97,6046.330165049939,11.199999999999989,4064.2999999999997
330,0,0,0.3087,Moderate Risk,0,0.367,1,297.6,308.4,1398,41.9,215,6134.085319840214,10.799999999999955,9008.5
3557,0,0,0.0419,Low Risk,0,0.0496,1,301.8,310.7,1309,43.3,68,5935.4843042557795,8.899999999999977,2944.3999999999996
4697,0,0,0.0067,Low Risk,0,0.0064,1,303.5,311.6,1573,34.0,134,5600.621943309644,8.100000000000023,4556.0
2110,0,0,0.0,Low Risk,0,0.003,2,299.3,309.0,1508,35.0,70,5527.1086752156425,9.699999999999989,2450.0
7993,0,0,0.0,Low Risk,0,0.0018,0,301.1,312.3,1595,31.9,134,5328.193500365849,11.199999999999989,4274.599999999999
2566,0,0,0.0005,Low Risk,0,0.0094,1,299.3,309.0,1420,41.6,155,6186.0053744285415,9.699999999999989,6448.0
3688,0,0,0.0322,Low Risk,0,0.0741,0,302.0,311.2,1420,45.8,192,6810.553993962192,9.199999999999989,8793.599999999999
520,0,0,0.0,Low Risk,0,0.0018,0,297.6,309.5,1617,36.2,42,6129.812753831332,11.899999999999977,1520.4
4991,0,0,0.0,Low Risk,0,0.002,1,303.9,313.0,1475,41.0,11,6332.927190861425,9.100000000000023,451.0
3052,0,0,0.0075,Low Risk,0,0.0156,0,300.1,309.2,1421,42.5,61,6324.287811064052,9.099999999999966,2592.5
2606,0,0,0.0,Low Risk,0,0.0055,2,299.4,309.3,1534,37.5,39,6024.003913258428,9.900000000000034,1462.5
6815,0,0,0.0002,Low Risk,0,0.0165,0,300.9,310.7,1427,44.1,141,6590.087493508773,9.800000000000011,6218.1
4122,0,0,0.0027,Low Risk,0,0.004,0,302.2,310.6,1462,43.6,0,6675.172294543497,8.400000000000034,0.0
9534,0,0,0.0076,Low Risk,0,0.0198,0,299.3,310.6,1443,45.7,97,6905.754723341476,11.300000000000011,4432.900000000001
2042,0,0,0.0005,Low Risk,0,0.0108,1,299.1,308.9,1397,52.4,112,7665.77929007343,9.799999999999955,5868.8
2713,0,0,0.0,Low Risk,0,0.0053,1,299.6,309.2,1651,30.8,92,5325.083323638795,9.599999999999966,2833.6
3130,0,0,0.0,Low Risk,0,0.0088,0,300.1,309.6,1760,25.4,55,4681.39193286927,9.5,1397.0
3856,0,0,0.4664,Moderate Risk,0,0.1563,1,302.4,311.2,1330,58.6,201,8161.648274516043,8.800000000000011,11778.6
7480,0,0,0.0,Low Risk,0,0.0039,1,300.2,311.4,1570,35.3,138,5803.673548486663,11.199999999999989,4871.4
9529,0,0,0.0045,Low Risk,0,0.006,0,299.1,310.3,1459,46.7,84,7135.111931004554,11.199999999999989,3922.8
8194,0,0,0.4259,Moderate Risk,0,0.4365,0,299.4,310.7,1426,45.7,213,6824.397945589012,11.300000000000011,9734.1
7324,0,0,0.0688,Low Risk,0,0.0231,1,299.9,310.4,1820,26.6,175,5069.6927848529685,10.5,4655.0
8106,0,0,0.015,Low Risk,0,0.0126,1,300.4,312.0,1596,30.4,191,5080.8349667977,11.600000000000023,5806.4
744,0,0,0.0036,Low Risk,0,0.0121,0,296.7,308.1,1450,40.9,195,6210.4050773714225,11.400000000000034,7975.5
7736,0,0,0.0178,Low Risk,0,0.0102,2,300.6,312.1,1354,46.9,138,6649.976721461706,11.5,6472.2
2635,0,0,0.0,Low Risk,0,0.0065,2,299.9,309.6,1462,51.0,119,7808.1143812320715,9.700000000000045,6069.0
8870,0,0,0.0008,Low Risk,0,0.0062,1,297.9,309.1,1338,49.6,56,6949.705604565197,11.200000000000045,2777.6
9402,0,0,0.0015,Low Risk,0,0.0057,0,297.7,308.1,1734,30.7,177,5574.630500088943,10.400000000000034,5433.9
572,0,0,0.0,Low Risk,0,0.0093,0,297.8,309.9,1351,49.0,181,6932.343069166357,12.099999999999966,8869.0
8519,0,0,0.0065,Low Risk,0,0.0114,0,298.3,309.6,1420,44.1,197,6557.760505103334,11.300000000000011,8687.7
852,0,0,0.0008,Low Risk,0,0.0047,1,296.3,307.3,1368,49.5,10,7091.2029376828805,11.0,495.0
2804,0,0,0.0,Low Risk,0,0.0096,0,300.1,309.5,1450,40.1,100,6088.930161432617,9.399999999999977,4010.0
1799,0,0,0.0194,Low Risk,0,0.036,1,298.0,307.5,1427,45.1,95,6739.522584064528,9.5,4284.5
3096,0,0,0.0,Low Risk,0,0.0243,0,299.9,309.2,1560,38.9,180,6354.813619681433,9.300000000000011,7002.0
9234,0,0,0.0,Low Risk,0,0.0062,0,298.3,309.1,1904,20.3,140,4047.544199080994,10.800000000000011,2842.0
7312,0,0,0.0016,Low Risk,0,0.0318,0,300.0,310.5,1412,52.4,142,7748.089017597483,10.5,7440.8
4449,1,1,0.9263,High Risk,1,0.9752,1,302.4,310.3,1378,54.3,165,7835.697564730589,7.900000000000034,8959.5
1605,0,0,0.0,Low Risk,0,0.0132,0,297.8,307.8,1396,42.5,23,6213.023071249414,10.0,977.5
4330,0,0,0.0,Low Risk,0,0.0054,0,301.5,309.8,1549,38.5,81,6245.11967619359,8.300000000000011,3118.5
7011,1,1,1.0,High Risk,1,0.9883,0,300.5,310.5,2633,12.2,17,3363.8708058067828,10.0,207.39999999999998
5719,0,0,0.0002,Low Risk,0,0.0247,0,302.3,312.0,1398,43.3,171,6339.042824560412,9.699999999999989,7404.299999999999
7352,0,0,0.0,Low Risk,0,0.0187,1,299.7,310.2,1440,42.8,30,6454.08794753487,10.5,1284.0
9016,1,1,0.88,High Risk,1,0.9951,0,297.3,308.2,1396,52.7,212,7704.148608349273,10.899999999999977,11172.400000000001
3013,0,0,0.0,Low Risk,0,0.0484,0,300.5,309.6,1390,48.4,194,7045.1262454302305,9.100000000000023,9389.6
9037,0,0,0.0,Low Risk,0,0.0052,0,297.3,308.2,1896,24.4,47,4844.587199247748,10.899999999999977,1146.8
4466,0,0,0.3771,Moderate Risk,0,0.4401,0,302.8,310.6,1470,41.1,205,6326.853445064484,7.800000000000011,8425.5
6280,0,0,0.0,Low Risk,0,0.0061,1,301.2,310.7,1527,41.1,53,6572.180415383312,9.5,2178.3
8366,0,0,0.0,Low Risk,0,0.0099,1,298.9,309.8,1836,22.8,18,4383.652725113054,10.900000000000034,410.40000000000003
4543,0,0,0.0,Low Risk,0,0.0113,1,302.6,310.5,1542,39.9,184,6442.966709541162,7.899999999999977,7341.599999999999
7498,0,0,0.0188,Low Risk,0,0.0051,1,300.2,311.8,1748,28.5,184,5216.92876055121,11.600000000000023,5244.0
148,0,0,0.0005,Low Risk,0,0.0147,1,298.3,308.3,1379,48.0,181,6931.610030880519,10.0,8688.0
6215,0,0,0.0,Low Risk,0,0.0057,0,301.1,310.8,1521,41.0,99,6530.4286490171025,9.699999999999989,4059.0
1050,0,0,0.0,Low Risk,0,0.0039,0,296.6,307.6,1671,28.8,108,5039.617271182603,11.0,3110.4
4600,1,1,0.9065,High Risk,1,0.9804,0,303.0,311.0,1359,44.2,115,6290.285306576699,8.0,5083.0
1045,0,0,0.0005,Low Risk,0,0.0075,2,296.4,307.5,1403,52.8,94,7757.471907656203,11.100000000000023,4963.2
7310,0,0,0.0017,Low Risk,0,0.0066,0,300.0,310.5,1606,33.5,135,5634.027545192815,10.5,4522.5
8279,0,0,0.2558,Moderate Risk,0,0.1673,0,298.8,310.6,1803,25.4,209,4795.766849410962,11.800000000000011,5308.599999999999
1750,0,0,0.0,Low Risk,0,0.0057,1,298.4,307.8,1617,31.6,173,5350.886271300279,9.400000000000034,5466.8
7634,0,0,0.0,Low Risk,0,0.0043,1,300.3,311.3,1506,40.7,98,6418.71361425545,11.0,3988.6000000000004
9827,0,0,0.2333,Low Risk,0,0.0507,1,298.3,309.3,1376,57.0,198,8213.379833545156,11.0,11286.0
38,0,0,0.0005,Low Risk,0,0.0081,2,298.9,309.2,1379,50.7,106,7321.513095117549,10.300000000000011,5374.200000000001
4427,1,1,0.9931,High Risk,1,0.9778,1,302.4,310.1,1379,48.9,107,7061.577718959528,7.7000000000000455,5232.3
3251,0,0,0.0,Low Risk,0,0.0068,0,301.1,309.6,1501,36.1,156,5674.355122889396,8.5,5631.6
6624,0,0,0.0,Low Risk,0,0.0069,0,301.7,310.7,1532,39.8,92,6385.140460764086,9.0,3661.6
7400,0,0,0.0031,Low Risk,0,0.0108,1,299.6,310.6,1633,34.2,151,5848.451715775831,11.0,5164.200000000001
7474,0,0,0.0067,Low Risk,0,0.0087,0,300.3,311.7,1989,22.3,121,4644.813322405974,11.399999999999977,2698.3
685,0,0,0.0,Low Risk,0,0.0098,1,297.7,309.0,1636,29.7,32,5088.249125460172,11.300000000000011,950.4
4963,0,0,0.0,Low Risk,0,0.0039,0,303.9,312.7,1789,24.4,163,4571.18486258134,8.800000000000011,3977.2
4453,0,0,0.0919,Low Risk,0,0.0786,0,302.4,310.2,1400,53.7,175,7872.831189896021,7.800000000000011,9397.5
1074,0,0,0.0,Low Risk,0,0.0052,0,297.0,307.9,1595,31.7,170,5294.7878984826775,10.899999999999977,5389.0
3170,0,0,0.0398,Low Risk,0,0.0085,1,300.4,309.7,1685,32.3,167,5699.425032265041,9.300000000000011,5394.099999999999
4083,0,0,0.0,Low Risk,0,0.0049,1,302.0,310.4,1567,36.4,114,5973.089168319249,8.399999999999977,4149.599999999999
3668,0,0,0.0,Low Risk,0,0.0066,0,302.3,311.7,1510,38.7,141,6119.508329927558,9.399999999999977,5456.700000000001
6364,0,0,0.0,Low Risk,0,0.0044,1,299.9,309.6,1489,41.7,56,6502.18573106133,9.700000000000045,2335.2000000000003
9492,0,1,0.5277,Moderate Risk,0,0.4467,0,299.1,309.9,1586,36.6,215,6078.730457283963,10.799999999999955,7869.0
7192,0,0,0.003,Low Risk,0,0.0188,1,300.2,310.2,1429,43.8,54,6554.430416890528,10.0,2365.2
9,0,0,0.0006,Low Risk,0,0.0039,1,298.5,309.0,1741,28.0,21,5104.878622573175,10.5,588.0
4212,0,0,0.1965,Low Risk,0,0.4826,1,302.0,310.6,1392,60.5,10,8819.078897157267,8.600000000000023,605.0
5350,0,0,0.0,Low Risk,0,0.0022,1,303.4,312.8,1622,35.1,107,5961.926042423494,9.400000000000034,3755.7000000000003
3307,0,0,0.0,Low Risk,0,0.0066,1,301.4,310.5,1563,39.9,83,6530.711392355925,9.100000000000023,3311.7
3318,0,0,0.0056,Low Risk,0,0.0276,0,301.4,310.4,1436,49.7,108,7473.765147086022,9.0,5367.6
9950,0,0,0.0,Low Risk,0,0.0097,0,298.1,307.8,1413,54.1,113,8005.123656538688,9.699999999999989,6113.3
3386,0,0,0.0,Low Risk,0,0.0061,2,301.5,310.8,1474,38.7,58,5973.612767094848,9.300000000000011,2244.6000000000004
9533,0,0,0.0,Low Risk,0,0.0037,0,299.2,310.5,1705,29.5,95,5267.1418831310875,11.300000000000011,2802.5
6348,0,0,0.0,Low Risk,0,0.0041,0,300.2,309.8,1557,33.8,19,5511.044664780286,9.600000000000023,642.1999999999999
1011,0,0,0.0,Low Risk,0,0.0037,1,296.2,307.3,1451,42.8,11,6503.390008245206,11.100000000000023,470.79999999999995
6557,0,0,0.0,Low Risk,0,0.0066,1,301.5,310.6,1638,31.9,137,5471.837588463486,9.100000000000023,4370.3
5787,0,0,0.0,Low Risk,0,0.0067,0,301.7,311.3,1584,38.8,132,6435.992373850193,9.600000000000023,5121.599999999999
4170,1,1,0.9866,High Risk,1,0.9912,1,302.2,310.6,1355,51.5,126,7307.606311637657,8.400000000000034,6489.0
8986,0,0,0.0,Low Risk,0,0.0048,1,297.1,307.8,1443,43.9,137,6633.75563139367,10.699999999999989,6014.3
7557,0,0,0.0,Low Risk,0,0.0092,1,300.4,311.5,1750,27.3,116,5002.986300841745,11.100000000000023,3166.8
1574,0,0,0.0,Low Risk,0,0.0049,0,298.2,308.2,1478,50.1,166,7754.267483149542,10.0,8316.6
4201,0,0,0.1577,Low Risk,0,0.1183,0,302.4,311.0,2211,15.4,203,3565.6448299713434,8.600000000000023,3126.2000000000003
6111,0,0,0.0,Low Risk,0,0.0057,1,300.7,310.8,1486,41.2,71,6411.2785116419545,10.100000000000023,2925.2000000000003
6667,0,0,0.0,Low Risk,0,0.0124,2,301.4,310.5,1536,39.9,201,6417.896800165516,9.100000000000023,8019.9
9043,0,0,0.0267,Low Risk,0,0.0124,0,297.4,308.4,1343,40.0,61,5625.545245028123,11.0,2440.0
841,0,0,0.0089,Low Risk,0,0.0262,0,296.6,307.5,1439,45.5,199,6856.4736065821635,10.899999999999977,9054.5
5714,0,0,0.0,Low Risk,0,0.0132,0,302.2,311.8,1618,36.0,158,6099.716296209942,9.600000000000023,5688.0
1691,0,0,0.0,Low Risk,0,0.0024,0,297.9,307.5,1602,38.3,21,6425.248126974916,9.600000000000023,804.3
5147,0,0,0.0133,Low Risk,0,0.0069,0,304.4,313.6,1569,38.4,11,6309.323358057453,9.200000000000045,422.4
2666,0,0,0.1773,Low Risk,0,0.2578,2,299.7,309.2,1691,27.7,203,4905.146633633447,9.5,5623.099999999999
2554,0,0,0.0,Low Risk,0,0.0049,0,299.3,309.1,1531,37.9,127,6076.353318842746,9.800000000000011,4813.3
2576,0,0,0.0,Low Risk,0,0.0067,0,299.5,309.3,1523,41.5,181,6618.759762460536,9.800000000000011,7511.5
2627,0,0,0.0017,Low Risk,0,0.0152,1,299.8,309.6,1346,53.2,95,7498.688448804501,9.800000000000011,5054.0
984,0,0,0.002,Low Risk,0,0.023,0,296.3,307.1,1419,48.6,142,7221.830360219145,10.800000000000011,6901.2
2605,0,0,0.0,Low Risk,0,0.0045,0,299.4,309.2,1552,37.4,37,6078.4372419696265,9.800000000000011,1383.8
1314,0,0,0.0,Low Risk,0,0.0061,1,299.0,310.3,1635,34.5,168,5906.979586912208,11.300000000000011,5796.0
3839,0,0,0.0,Low Risk,0,0.0093,1,302.3,311.0,1578,33.5,158,5535.800414890574,8.699999999999989,5293.0
7199,0,0,0.0,Low Risk,0,0.0055,0,300.0,309.9,1507,41.4,74,6533.444577964548,9.899999999999977,3063.6
2302,0,0,0.0,Low Risk,0,0.0037,0,299.2,308.5,1515,39.8,141,6314.287074450124,9.300000000000011,5611.799999999999
7857,0,0,0.0006,Low Risk,0,0.0092,0,300.5,311.9,1432,43.1,16,6463.219510181306,11.399999999999977,689.6
5078,0,0,0.0,Low Risk,0,0.0024,1,304.3,313.4,1482,43.8,41,6797.5268564253065,9.099999999999966,1795.8
358,0,0,0.0,Low Risk,0,0.0031,1,297.6,308.3,1467,36.7,68,5637.99642391185,10.699999999999989,2495.6000000000004
7711,0,0,0.0012,Low Risk,0,0.0196,0,300.4,311.4,1309,55.5,71,7607.8378495657225,11.0,3940.5
3257,0,0,0.0103,Low Risk,0,0.0163,0,301.2,309.9,1984,19.7,169,4092.9506849008776,8.699999999999989,3329.2999999999997
4790,0,0,0.0,Low Risk,0,0.0135,0,303.8,312.8,1443,40.7,145,6150.201690153131,9.0,5901.5
4899,0,0,0.1938,Low Risk,0,0.2144,0,303.6,312.3,2168,17.7,219,4018.473995059776,8.699999999999989,3876.2999999999997
7463,0,0,0.0062,Low Risk,0,0.0047,2,300.1,311.4,1518,46.9,87,7455.439189940081,11.299999999999955,4080.2999999999997
5018,0,0,0.0,Low Risk,0,0.0026,1,303.9,313.0,1620,36.6,80,6209.043720554867,9.100000000000023,2928.0
2466,0,0,0.0012,Low Risk,0,0.011,0,299.0,308.6,1429,37.7,126,5641.598783487967,9.600000000000023,4750.200000000001
3876,0,0,0.0,Low Risk,0,0.0037,0,302.6,311.8,1627,31.8,23,5418.053522234029,9.199999999999989,731.4
2657,0,0,0.0005,Low Risk,0,0.0278,1,300.0,309.5,1425,40.8,178,6088.406562657018,9.5,7262.4
474,0,0,0.0067,Low Risk,0,0.0035,0,297.4,309.1,1478,49.8,150,7707.834743729484,11.700000000000045,7470.0
7309,0,0,0.0,Low Risk,0,0.0169,0,300.0,310.4,1505,44.9,133,7076.3850923334485,10.399999999999977,5971.7
5911,0,0,0.0735,Low Risk,0,0.0533,1,300.8,310.4,1288,64.0,3,8632.258854023794,9.599999999999966,192.0
7090,0,0,0.0,Low Risk,0,0.005,1,300.6,310.2,1478,40.1,5,6206.509502480972,9.599999999999966,200.5
3295,0,0,0.0004,Low Risk,0,0.006,0,301.1,310.2,1496,43.4,54,6799.076708801078,9.099999999999966,2343.6
7278,0,0,0.0006,Low Risk,0,0.0045,2,300.0,310.1,1714,28.7,55,5151.353249895279,10.100000000000023,1578.5
1957,0,0,0.0,Low Risk,0,0.0033,2,297.9,307.7,1618,35.9,92,6082.772639831581,9.800000000000011,3302.7999999999997
8474,0,0,0.0004,Low Risk,0,0.0034,1,298.5,309.7,1523,44.6,83,7113.173142306986,11.199999999999989,3701.8
1059,0,0,0.0,Low Risk,0,0.0055,1,296.7,307.9,1874,21.3,130,4180.014689307363,11.199999999999989,2769.0
4786,0,0,0.0003,Low Risk,0,0.0026,0,303.8,312.6,1577,41.3,134,6820.408122918952,8.800000000000011,5534.2
6387,0,0,0.0,Low Risk,0,0.0066,1,300.2,309.8,1487,39.2,122,6104.156413827016,9.600000000000023,4782.400000000001
8295,0,0,0.0,Low Risk,0,0.0076,0,298.9,310.4,1739,26.3,30,4789.431304226224,11.5,789.0
1003,0,0,0.0054,Low Risk,0,0.0058,0,296.2,307.1,1444,46.7,194,7061.755742543232,10.900000000000034,9059.800000000001
8842,0,0,0.0067,Low Risk,0,0.0047,0,297.3,308.7,1492,43.6,189,6812.145734240012,11.399999999999977,8240.4
9471,0,0,0.0229,Low Risk,0,0.0103,1,298.6,309.4,1774,27.5,154,5108.753253512602,10.799999999999955,4235.0
5489,0,1,0.5338,Moderate Risk,1,0.5355,0,302.6,312.1,1499,35.0,215,5494.12195235295,9.5,7525.0
897,0,0,0.0,Low Risk,0,0.0018,0,295.6,306.2,1612,31.2,131,5266.8172518902165,10.599999999999966,4087.2
8135,0,0,0.0,Low Risk,0,0.0035,0,299.6,311.0,1554,36.3,62,5907.262330251031,11.399999999999977,2250.6
2806,0,0,0.0079,Low Risk,0,0.0187,0,300.0,309.3,1364,41.2,104,5884.9151345084965,9.300000000000011,4284.8
1405,0,0,0.0002,Low Risk,0,0.0158,0,298.9,310.1,1394,42.7,179,6233.317759791605,11.200000000000045,7643.3
7518,0,0,0.0,Low Risk,0,0.0024,0,300.2,311.5,1500,40.8,17,6408.849013323177,11.300000000000011,693.5999999999999
5692,0,0,0.1607,Low Risk,0,0.1077,1,302.4,311.9,1313,55.7,102,7658.58504289671,9.5,5681.400000000001
431,0,0,0.0,Low Risk,0,0.0053,0,297.5,308.5,1446,41.9,32,6344.697691336874,11.0,1340.8
4787,0,0,0.0002,Low Risk,0,0.0084,0,303.7,312.6,1396,44.1,136,6446.925116284686,8.900000000000034,5997.6
9414,1,1,0.94,High Risk,1,0.9977,0,298.1,308.6,1354,53.9,207,7642.510560485841,10.5,11157.3
3022,0,0,0.2317,Low Risk,0,0.2945,0,300.5,309.6,1760,30.6,213,5639.787131724396,9.100000000000023,6517.8
6565,0,0,0.0,Low Risk,0,0.0109,0,301.4,310.6,1550,36.8,159,5973.214832025392,9.200000000000045,5851.2
4241,0,0,0.035,Low Risk,0,0.0077,0,302.4,311.0,1475,47.9,79,7398.712498591762,8.600000000000023,3784.1
7362,0,0,0.0,Low Risk,0,0.0053,0,299.5,310.0,1594,35.1,54,5859.007467091892,10.5,1895.4
8005,0,0,0.0,Low Risk,0,0.0087,0,300.8,312.0,1477,37.3,164,5769.231221027808,11.199999999999989,6117.2
4873,0,0,0.0,Low Risk,0,0.0029,1,303.7,312.4,1474,38.8,139,5989.048458999485,8.699999999999989,5393.2
5786,0,0,0.0,Low Risk,0,0.0062,0,301.7,311.2,1521,36.7,130,5845.530034607992,9.5,4771.0
5986,0,0,0.0587,Low Risk,0,0.0603,0,300.6,310.7,1440,52.5,200,7916.813487046278,10.099999999999966,10500.0
4698,0,0,0.0,Low Risk,0,0.0038,0,303.4,311.6,1564,41.9,137,6862.453104599495,8.200000000000045,5740.3
8722,0,0,0.0002,Low Risk,0,0.0067,0,297.2,308.6,1366,50.4,74,7209.578148870143,11.400000000000034,3729.6
7442,0,0,0.0,Low Risk,0,0.0028,0,300.0,311.5,1601,36.9,35,6186.518501228627,11.5,1291.5
5656,0,0,0.051,Low Risk,0,0.133,1,302.3,311.5,1316,47.2,4,6504.68853320869,9.199999999999989,188.8
1650,0,0,0.0005,Low Risk,0,0.0098,1,298.0,307.9,1417,51.0,137,7567.782543232453,9.899999999999977,6987.0
4156,0,0,0.0,Low Risk,0,0.0053,1,302.0,310.5,1823,25.1,87,4791.693250936808,8.5,2183.7000000000003
9595,0,0,0.0385,Low Risk,0,0.027,2,299.0,310.1,1432,50.0,45,7497.934466567639,11.100000000000023,2250.0
1727,0,0,0.0,Low Risk,0,0.0027,1,298.3,307.7,1602,33.4,106,5603.218993236611,9.399999999999977,3540.3999999999996
8997,0,0,0.0,Low Risk,0,0.0058,1,297.1,307.9,1609,38.9,166,6554.4199449150165,10.799999999999955,6457.4
6892,0,0,0.0,Low Risk,0,0.009,0,301.0,311.6,1440,43.3,131,6529.486171221025,10.600000000000023,5672.299999999999
4985,0,0,0.1816,Low Risk,0,0.1579,1,303.8,313.0,1789,23.5,215,4402.575584863176,9.199999999999989,5052.5
6534,0,0,0.0018,Low Risk,0,0.018,0,301.3,310.6,1436,44.2,76,6646.68852115095,9.300000000000011,3359.2000000000003
4274,0,0,0.0067,Low Risk,0,0.0269,0,302.4,310.6,1445,40.3,162,6098.197859760706,8.200000000000045,6528.599999999999
4,0,0,0.0,Low Risk,0,0.0065,0,298.2,308.7,1408,40.0,9,5897.816608339238,10.5,360.0
7093,0,0,0.0091,Low Risk,0,0.0213,2,300.7,310.3,1369,50.7,12,7268.420179271881,9.600000000000023,608.4000000000001
5945,0,0,0.0049,Low Risk,0,0.055,1,300.8,310.8,1415,44.5,87,6593.941180497176,10.0,3871.5
9648,0,0,0.0002,Low Risk,0,0.0256,0,299.1,310.1,1416,41.2,185,6109.266737876856,11.0,7622.000000000001
3762,0,0,0.0014,Low Risk,0,0.0109,1,302.3,311.0,1526,37.7,171,6024.548455985051,8.699999999999989,6446.700000000001
7175,0,0,0.0006,Low Risk,0,0.0047,0,300.1,310.1,1569,43.5,17,7147.280366549458,10.0,739.5
2103,0,0,0.0024,Low Risk,0,0.0097,1,299.3,309.1,1376,46.7,49,6729.207688185241,9.800000000000011,2288.3
7382,0,0,0.0,Low Risk,0,0.0113,0,299.8,310.4,1698,28.3,103,5032.1402806670585,10.599999999999966,2914.9
1874,0,0,0.0,Low Risk,0,0.0023,0,298.4,308.1,1598,32.7,94,5472.088915875774,9.700000000000045,3073.8
3158,0,0,0.0105,Low Risk,0,0.007,0,300.4,309.7,1679,30.1,136,5292.316512261854,9.300000000000011,4093.6000000000004
9727,0,0,0.0,Low Risk,0,0.0061,0,298.8,309.8,1461,39.4,141,6028.025151855023,11.0,5555.4
6540,1,1,0.9397,High Risk,1,0.9927,1,301.4,310.7,1368,63.7,92,9125.447012735343,9.300000000000011,5860.400000000001
242,1,1,0.8067,High Risk,1,0.9969,0,298.0,308.2,1348,58.8,202,8300.33911819652,10.199999999999989,11877.599999999999
6381,0,0,0.0,Low Risk,0,0.0087,0,300.2,309.7,1771,27.1,104,5025.9303991884635,9.5,2818.4
1083,0,0,0.0015,Low Risk,0,0.0076,0,297.0,307.8,1683,32.3,197,5692.660136084312,10.800000000000011,6363.099999999999
2053,0,0,0.0798,Low Risk,0,0.1878,0,299.5,309.3,1382,61.0,140,8828.084796097557,9.800000000000011,8540.0
5633,0,0,0.0013,Low Risk,0,0.0076,0,302.7,312.2,1447,47.5,166,7197.650568762015,9.5,7885.0
1353,0,0,0.0303,Low Risk,0,0.0194,1,298.6,310.1,1444,48.1,39,7273.4571994931375,11.5,1875.9
3144,0,0,0.0,Low Risk,0,0.0058,1,300.6,310.0,1478,36.3,95,5618.361469826913,9.399999999999977,3448.4999999999995
2618,0,0,0.0014,Low Risk,0,0.0053,1,299.4,309.1,1461,48.6,70,7435.584324369394,9.700000000000045,3402.0
2102,0,0,0.013,Low Risk,0,0.0325,0,299.3,309.3,1325,62.0,47,8602.72788308005,10.0,2914.0
7180,0,0,0.0,Low Risk,0,0.0041,1,300.2,310.2,1628,30.3,27,5165.657968444625,10.0,818.1
3618,0,0,0.0096,Low Risk,0,0.0272,0,301.9,311.1,1448,46.3,14,7020.663710634277,9.200000000000045,648.1999999999999
4755,1,1,0.98,High Risk,1,0.9899,0,303.4,311.7,1295,51.3,51,6956.899851741917,8.300000000000011,2616.2999999999997
5958,0,0,0.0,Low Risk,0,0.0088,0,300.6,310.8,1533,38.5,117,6180.612307039879,10.199999999999989,4504.5
6316,0,0,0.0,Low Risk,0,0.0112,0,300.9,310.4,1544,36.0,148,5820.742868571168,9.5,5328.0
2817,0,0,0.0,Low Risk,0,0.0141,0,300.2,309.5,1417,41.1,129,6098.74240248733,9.300000000000011,5301.900000000001
9269,0,0,0.0267,Low Risk,0,0.0197,0,298.2,308.8,1354,60.9,32,8635.044399509976,10.600000000000023,1948.8
2693,0,0,0.0,Low Risk,0,0.0039,1,300.1,309.6,1622,36.1,43,6131.781485227582,9.5,1552.3
637,0,0,0.0,Low Risk,0,0.0038,0,298.2,309.7,1585,37.4,118,6207.682363738311,11.5,4413.2
2270,0,0,0.0125,Low Risk,0,0.0254,0,299.3,308.6,1437,48.1,67,7238.198057944347,9.300000000000011,3222.7000000000003
1982,0,0,0.0,Low Risk,0,0.0044,1,298.0,307.7,1487,41.3,160,6431.164793139177,9.699999999999989,6608.0
4902,0,0,0.3102,Moderate Risk,0,0.4721,0,303.6,312.3,1616,29.3,226,4958.354741209747,8.699999999999989,6621.8
365,0,0,0.0,Low Risk,0,0.0093,0,297.6,308.4,1353,57.5,88,8146.935148921731,10.799999999999955,5060.0
2104,0,0,0.0,Low Risk,0,0.0027,1,299.3,309.1,1600,35.3,52,5914.571769158383,9.800000000000011,1835.6
5324,0,0,0.0022,Low Risk,0,0.0075,1,303.4,312.8,1526,30.8,37,4921.912266428105,9.400000000000034,1139.6000000000001
4287,0,0,0.0,Low Risk,0,0.0125,1,301.7,309.9,1457,39.2,192,5981.0059818062955,8.199999999999989,7526.400000000001
5383,0,0,0.2193,Low Risk,0,0.1978,0,302.8,312.3,1504,40.3,204,6347.190021508722,9.5,8221.199999999999
3163,0,0,0.0,Low Risk,0,0.0137,0,300.4,309.8,1549,38.9,150,6310.004036465731,9.400000000000034,5835.0
7873,0,0,0.0,Low Risk,0,0.0014,0,300.7,312.4,1470,38.6,56,5942.008344999735,11.699999999999989,2161.6
4160,0,0,0.0,Low Risk,0,0.0043,1,302.0,310.4,1608,33.1,97,5573.688022292868,8.399999999999977,3210.7000000000003
1344,0,0,0.0036,Low Risk,0,0.0022,0,298.5,310.1,1809,28.9,20,5474.759269631324,11.600000000000023,578.0
9555,0,0,0.0031,Low Risk,0,0.007,2,299.4,310.8,1585,31.4,149,5211.797492550347,11.400000000000034,4678.599999999999
1343,0,0,0.0,Low Risk,0,0.0017,0,298.5,310.2,1676,32.7,18,5739.187123283978,11.699999999999989,588.6
9803,0,0,0.0058,Low Risk,0,0.0038,0,298.4,309.2,1692,29.8,137,5280.137604741437,10.800000000000011,4082.6
6647,0,0,0.0006,Low Risk,0,0.0169,0,301.5,310.5,1927,22.4,149,4520.20728578909,9.0,3337.6
5499,0,0,0.0139,Low Risk,0,0.0175,2,302.9,312.3,1417,48.7,26,7226.49038932197,9.400000000000034,1266.2
9589,0,0,0.0004,Low Risk,0,0.0039,0,299.2,310.4,1472,43.3,32,6674.585863914826,11.199999999999989,1385.6
6757,0,0,0.1021,Low Risk,0,0.1832,0,301.8,311.2,1822,26.2,204,4998.944118294126,9.399999999999977,5344.8
261,0,0,0.0,Low Risk,0,0.0017,0,298.1,308.2,1654,32.1,25,5559.927846470144,10.099999999999966,802.5
6979,0,0,0.0595,Low Risk,0,0.0311,0,300.9,311.2,1353,60.4,139,8557.82405208474,10.300000000000011,8395.6
2972,0,0,0.0055,Low Risk,0,0.0143,1,300.6,309.4,1432,44.2,84,6628.174068445794,8.799999999999955,3712.8
1524,0,0,0.0,Low Risk,0,0.0024,0,298.2,309.0,1601,35.8,43,6002.096540487395,10.800000000000011,1539.3999999999999
6642,0,0,0.0014,Low Risk,0,0.0238,0,301.6,310.6,1431,37.5,137,5619.523859108742,9.0,5137.5
7169,0,0,0.0012,Low Risk,0,0.0071,0,300.3,310.2,1492,52.3,2,8171.450043595242,9.899999999999977,104.6
4565,1,1,0.9732,High Risk,1,0.9921,2,302.7,310.8,1275,55.0,25,7343.472827766141,8.100000000000023,1375.0
4576,0,0,0.0,Low Risk,0,0.0046,1,302.9,311.1,1926,21.8,58,4396.847414258131,8.200000000000045,1264.4
8834,0,0,0.0,Low Risk,0,0.0061,0,297.4,308.8,1473,46.2,167,7126.451607256159,11.400000000000034,7715.400000000001
398,0,0,0.0,Low Risk,0,0.0038,2,297.4,308.3,1502,43.6,169,6857.803547472184,10.900000000000034,7368.400000000001
6288,0,0,0.0022,Low Risk,0,0.0208,0,301.0,310.5,1317,50.9,75,7019.920200372929,9.5,3817.5
4652,0,0,0.026,Low Risk,0,0.0137,0,303.1,311.2,1452,52.9,11,8043.608166545163,8.099999999999966,581.9
9830,1,1,0.9,High Risk,1,0.9979,0,298.3,309.3,1337,56.1,206,7854.578536578664,11.0,11556.6
9886,0,0,0.0352,Low Risk,0,0.0252,0,298.8,309.6,1903,22.3,145,4443.98177603749,10.800000000000011,3233.5
4013,0,0,0.0015,Low Risk,0,0.0154,1,302.2,311.1,1728,34.0,179,6152.49505279025,8.900000000000034,6086.0
5214,0,0,0.0062,Low Risk,0,0.0096,0,303.7,312.7,1572,37.2,192,6123.843727789512,9.0,7142.400000000001
404,0,0,0.02,Low Risk,0,0.0138,0,297.3,308.6,1297,45.9,184,6234.207877710121,11.300000000000011,8445.6
3651,0,0,0.0031,Low Risk,0,0.0532,0,302.1,311.5,1444,44.9,97,6789.568155036212,9.399999999999977,4355.3
592,0,0,0.1733,Low Risk,0,0.1389,2,297.5,309.5,1668,27.9,240,4873.36418795463,12.0,6696.0
689,0,0,0.0005,Low Risk,0,0.0106,2,297.6,309.0,1354,55.6,46,7883.554492820275,11.399999999999977,2557.6
9316,0,0,0.0016,Low Risk,0,0.0166,2,298.5,309.4,1417,41.2,155,6113.581191787785,10.899999999999977,6386.0
4584,0,0,0.0,Low Risk,0,0.0027,0,302.8,311.1,1550,32.3,76,5242.794540065765,8.300000000000011,2454.7999999999997
6509,0,0,0.0,Low Risk,0,0.0047,0,301.1,310.1,1564,36.8,7,6027.166449863042,9.0,257.59999999999997
7872,0,0,0.0,Low Risk,0,0.0016,0,300.6,312.3,1532,37.2,54,5968.020732171458,11.699999999999989,2008.8000000000002
1028,0,0,0.0,Low Risk,0,0.0025,0,296.3,307.4,1472,39.9,51,6150.484433491953,11.099999999999966,2034.8999999999999
9489,0,0,0.3953,Moderate Risk,0,0.2227,0,298.9,309.7,1407,41.9,207,6173.575139495838,10.800000000000011,8673.3
4141,0,0,0.0,Low Risk,0,0.0049,2,301.7,310.1,1462,38.3,49,5863.740800023301,8.400000000000034,1876.6999999999998
652,0,0,0.0011,Low Risk,0,0.0173,0,297.7,309.2,1391,44.5,159,6482.100482029379,11.5,7075.5
6212,0,0,0.0023,Low Risk,0,0.0335,0,300.8,310.6,1402,53.7,93,7884.078091595874,9.800000000000011,4994.1
2001,0,0,0.0,Low Risk,0,0.0019,0,298.4,308.2,1604,34.9,11,5862.170003696506,9.800000000000011,383.9
4743,0,0,0.049,Low Risk,0,0.0648,0,303.3,311.3,1409,51.8,16,7643.096991114511,8.0,828.8
976,0,0,0.0005,Low Risk,0,0.0072,1,296.0,306.6,1392,51.3,124,7477.995825192855,10.600000000000023,6361.2
2212,0,0,0.0,Low Risk,0,0.0038,0,299.7,309.1,1475,40.0,123,6178.465552059926,9.400000000000034,4920.0
4404,0,0,0.016,Low Risk,0,0.0099,1,302.4,310.2,1485,45.9,50,7137.855588588689,7.800000000000011,2295.0
541,0,0,0.0,Low Risk,0,0.0049,0,297.4,309.4,1296,52.3,96,7097.988777814635,12.0,5020.799999999999
7402,0,0,0.0,Low Risk,0,0.0074,1,299.8,310.8,1463,43.5,156,6664.417575692707,11.0,6786.0
6210,0,0,0.011,Low Risk,0,0.0373,0,300.8,310.5,1434,44.5,89,6682.481733450849,9.699999999999989,3960.5
4431,0,0,0.0531,Low Risk,0,0.0374,2,302.3,310.2,1443,54.6,120,8250.63912241673,7.899999999999977,6552.0
7775,0,0,0.0106,Low Risk,0,0.0036,0,300.3,311.5,1663,33.6,38,5851.404812870205,11.199999999999989,1276.8
3201,0,0,0.009,Low Risk,0,0.0048,0,300.2,309.1,1479,47.0,22,7279.38433763291,8.900000000000034,1034.0
7468,0,0,0.0,Low Risk,0,0.0031,0,300.3,311.6,1560,37.7,107,6158.778238097431,11.300000000000011,4033.9
8196,0,1,0.5196,Moderate Risk,1,0.5959,0,299.4,310.8,1622,33.6,217,5707.142878217362,11.400000000000034,7291.200000000001
6740,0,0,0.0219,Low Risk,0,0.0406,0,301.8,311.2,1417,55.9,156,8294.883218954787,9.399999999999977,8720.4
4822,0,0,0.0067,Low Risk,0,0.0056,0,303.5,311.9,1565,38.9,12,6375.181612052207,8.399999999999977,466.79999999999995
1325,0,0,0.0,Low Risk,0,0.0113,2,298.8,310.1,1567,36.8,197,6038.727510828252,11.300000000000011,7249.599999999999
2822,0,0,0.0,Low Risk,0,0.0062,0,300.3,309.6,1593,38.1,140,6355.787513404046,9.300000000000011,5334.0
6245,0,0,0.0,Low Risk,0,0.0207,0,300.9,310.4,1445,41.7,180,6310.04592436778,9.5,7506.000000000001
5377,0,0,0.0,Low Risk,0,0.0052,0,302.9,312.4,2030,19.1,192,4060.299065254568,9.5,3667.2000000000003
9468,0,0,0.0,Low Risk,0,0.0244,0,298.6,309.4,1375,55.4,145,7977.027346240083,10.799999999999955,8033.0
9960,0,0,0.0,Low Risk,0,0.0048,0,298.2,307.8,1575,35.0,137,5772.676500971244,9.600000000000023,4795.0
2443,0,0,0.0,Low Risk,0,0.0029,0,299.1,308.5,1647,35.0,74,6036.5702838727875,9.399999999999977,2590.0
4413,0,0,0.0445,Low Risk,0,0.1452,1,302.7,310.5,1398,47.3,70,6924.63569518955,7.800000000000011,3311.0
4471,0,0,0.0783,Low Risk,0,0.0152,0,302.8,310.6,1670,29.1,2,5089.065939550105,7.800000000000011,58.2
7041,0,0,0.0,Low Risk,0,0.0066,0,300.6,310.5,1470,37.7,98,5803.464108976425,9.899999999999977,3694.6000000000004
4696,0,0,0.0133,Low Risk,0,0.0078,0,303.4,311.6,1449,41.7,132,6327.5131795217385,8.200000000000045,5504.400000000001
914,0,0,0.0,Low Risk,0,0.0052,1,295.4,305.9,1518,40.6,178,6453.962283828728,10.5,7226.8
7062,0,0,0.003,Low Risk,0,0.0318,1,300.6,310.4,1407,51.1,157,7529.109537666762,9.799999999999955,8022.7
6503,0,0,0.2082,Low Risk,0,0.1481,1,300.9,309.9,1465,42.9,209,6581.479529637937,9.0,8966.1
3729,0,0,0.0946,Low Risk,0,0.1478,1,302.4,311.3,1312,61.5,85,8449.627601095108,8.900000000000034,5227.5
9114,0,0,0.0,Low Risk,0,0.0027,0,297.6,308.7,1476,39.0,44,6028.087983708095,11.099999999999966,1716.0
7867,0,0,0.0,Low Risk,0,0.0035,0,300.5,312.0,1461,38.1,39,5829.130920956253,11.5,1485.9
3321,0,0,0.0,Low Risk,0,0.0076,0,301.5,310.6,1522,41.0,114,6534.722158977009,9.100000000000023,4674.0
1092,0,0,0.0042,Low Risk,0,0.002,1,296.9,307.6,1685,32.0,10,5646.4891960520545,10.700000000000045,320.0
3185,0,0,0.1779,Low Risk,0,0.2315,0,300.1,309.3,1685,27.1,203,4781.870537906584,9.199999999999989,5501.3
5149,0,0,0.0,Low Risk,0,0.0036,0,304.3,313.5,1452,41.5,15,6310.203004000458,9.199999999999989,622.5
2531,0,0,0.0,Low Risk,0,0.003,1,298.8,308.5,1510,38.7,66,6119.508329927558,9.699999999999989,2554.2000000000003
6513,0,0,0.0,Low Risk,0,0.0049,0,301.1,310.0,1513,38.0,17,6020.757600849719,8.899999999999977,646.0
7659,0,0,0.0,Low Risk,0,0.006,0,300.5,311.6,1528,42.4,163,6784.499718888421,11.100000000000023,6911.2
4243,0,0,0.0205,Low Risk,0,0.0443,1,302.4,310.9,1435,42.3,83,6356.541495640907,8.5,3510.8999999999996
6134,0,0,0.0,Low Risk,0,0.0066,0,301.0,311.0,1581,37.0,127,6125.791515234738,10.0,4699.0
916,0,0,0.0067,Low Risk,0,0.0136,1,295.3,305.8,1589,36.2,184,6023.668810042045,10.5,6660.8
7982,0,0,0.0,Low Risk,0,0.0016,0,301.0,312.3,1488,42.6,107,6638.059613329089,11.300000000000011,4558.2
5665,0,0,0.0,Low Risk,0,0.0062,0,302.3,311.4,1845,21.9,27,4231.254065487413,9.099999999999966,591.3
129,0,0,0.0,Low Risk,0,0.0032,0,298.9,308.5,1559,34.3,126,5599.75276934215,9.600000000000023,4321.799999999999
3255,0,0,0.0014,Low Risk,0,0.0059,0,301.0,309.7,1491,42.9,165,6698.283944498406,8.699999999999989,7078.5
3406,0,0,0.0,Low Risk,0,0.0064,0,301.2,310.4,1470,44.0,113,6773.273761139593,9.199999999999989,4972.0
632,0,0,0.0166,Low Risk,0,0.0292,2,298.3,310.0,1419,47.1,105,6998.934361446949,11.699999999999989,4945.5
3218,0,0,0.0202,Low Risk,0,0.0219,0,300.6,309.6,1426,53.6,66,8004.107874914027,9.0,3537.6
272,0,0,0.0,Low Risk,0,0.003,0,298.1,308.1,1484,40.4,59,6278.326310542034,10.0,2383.6
8569,0,0,0.0,Low Risk,0,0.0051,0,297.9,308.6,1757,27.5,118,5059.79676799416,10.700000000000045,3245.0
2225,0,0,0.0,Low Risk,0,0.0055,1,299.7,309.0,1465,49.0,158,7517.307621264777,9.300000000000011,7742.0
8300,0,0,0.0,Low Risk,0,0.0042,0,298.7,310.1,1558,37.6,44,6134.567030713765,11.400000000000034,1654.4
5452,0,0,0.0,Low Risk,0,0.0033,1,303.0,312.7,1553,35.8,122,5822.146113289771,9.699999999999989,4367.599999999999
2787,0,0,0.0,Low Risk,0,0.0043,1,300.3,309.6,1524,38.4,54,6128.367621210681,9.300000000000011,2073.6
9189,0,0,0.0,Low Risk,0,0.0021,0,297.9,309.1,1595,32.0,32,5344.896301307434,11.200000000000045,1024.0
681,0,0,0.0,Low Risk,0,0.002,1,297.7,309.0,1656,33.2,20,5757.408360674799,11.300000000000011,664.0
3320,0,0,0.0133,Low Risk,0,0.0317,0,301.5,310.5,2289,16.4,112,3931.1377192899795,9.0,1836.7999999999997
2556,0,0,0.0,Low Risk,0,0.0173,1,299.3,309.1,1449,47.9,131,7268.294515565736,9.800000000000011,6274.9
5399,1,1,0.5306,Moderate Risk,1,0.9404,2,302.8,312.4,1411,53.8,246,7949.465106692589,9.599999999999966,13234.8
3538,0,0,0.0,Low Risk,0,0.0038,0,302.0,311.1,1635,36.0,23,6163.804786343174,9.100000000000023,828.0
2474,0,0,0.0,Low Risk,0,0.0078,0,298.9,308.5,1503,40.6,145,6390.187952960855,9.600000000000023,5887.0
6971,0,0,0.0,Low Risk,0,0.0052,1,300.7,311.0,1559,42.8,121,6987.446604310321,10.300000000000011,5178.799999999999
9755,0,0,0.3349,Moderate Risk,1,0.503,2,298.5,309.7,1561,35.3,208,5770.4040822851475,11.199999999999989,7342.4
5211,0,0,0.0414,Low Risk,0,0.009,0,303.7,312.5,1433,53.6,185,8043.3987270349235,8.800000000000011,9916.0
3571,0,0,0.0,Low Risk,0,0.0103,1,301.7,310.6,1691,27.7,105,4905.146633633447,8.900000000000034,2908.5
9736,0,0,0.0021,Low Risk,0,0.0379,1,298.9,310.0,1348,58.2,163,8215.64178025574,11.100000000000023,9486.6
27,0,0,0.0,Low Risk,0,0.008,2,299.1,309.4,1811,24.6,77,4665.327922433915,10.299999999999955,1894.2
1104,0,0,0.0,Low Risk,0,0.0075,0,296.6,307.4,1389,42.7,48,6210.960092073557,10.799999999999955,2049.6000000000004
2491,0,0,0.0053,Low Risk,0,0.01,0,299.1,308.9,1445,43.4,197,6567.2900028192225,9.799999999999955,8549.8
7842,0,0,0.193,Low Risk,0,0.1437,0,300.1,311.5,1659,31.1,203,5403.005293423334,11.399999999999977,6313.3
7742,0,0,0.0057,Low Risk,0,0.0279,1,300.5,311.9,1323,57.9,155,8021.711265749641,11.399999999999977,8974.5
2471,0,0,0.0067,Low Risk,0,0.0072,0,298.9,308.4,1301,51.1,138,6961.884512085613,9.5,7051.8
9509,0,0,0.0,Low Risk,0,0.0042,1,299.2,310.4,1502,39.8,34,6260.105073151213,11.199999999999989,1353.1999999999998
3232,0,0,0.0,Low Risk,0,0.0039,0,300.7,309.3,1580,38.3,102,6337.0112613110905,8.600000000000023,3906.6
5225,0,0,0.0224,Low Risk,0,0.0111,1,304.0,313.2,1437,53.9,7,8110.995328964664,9.199999999999989,377.3
3777,0,0,0.2656,Moderate Risk,0,0.1899,1,302.4,311.1,1721,30.1,210,5424.703226684128,8.700000000000045,6321.0
6032,0,0,0.0006,Low Risk,0,0.0089,0,300.7,310.8,1754,27.7,84,5087.893078292765,10.100000000000023,2326.7999999999997
4384,0,0,0.3177,Moderate Risk,0,0.4636,0,301.8,309.6,1443,42.7,231,6452.422903428469,7.800000000000011,9863.7
941,0,0,0.0,Low Risk,0,0.0057,0,295.6,306.2,1650,28.2,35,4872.610205717769,10.599999999999966,987.0
1286,0,0,0.0,Low Risk,0,0.0046,0,298.5,309.6,1582,40.3,103,6676.36609975186,11.100000000000023,4150.9
6323,0,0,0.0004,Low Risk,0,0.0365,0,300.7,310.1,1351,46.9,165,6635.24265191637,9.400000000000034,7738.5
7066,0,0,0.0,Low Risk,0,0.0103,1,300.8,310.7,1572,36.2,167,5959.224272741407,9.899999999999977,6045.400000000001
1894,0,0,0.0031,Low Risk,0,0.0113,2,297.9,307.5,1880,23.3,146,4587.144153261576,9.600000000000023,3401.8
5044,0,0,0.0045,Low Risk,0,0.0244,0,304.1,313.2,1412,47.5,150,7023.55397587558,9.099999999999966,7125.0
8570,0,0,0.0,Low Risk,0,0.0036,2,297.9,308.7,1545,35.9,120,5808.333577589488,10.800000000000011,4308.0
1624,0,0,0.0005,Low Risk,0,0.0097,1,297.8,307.8,1310,57.9,70,7942.888706071074,10.0,4053.0
7115,0,0,0.0015,Low Risk,0,0.0098,1,301.0,310.6,1460,53.6,74,8194.949156644094,9.600000000000023,3966.4
1806,0,0,0.0,Low Risk,0,0.0024,2,298.0,307.6,1593,32.2,118,5371.557950960901,9.600000000000023,3799.6000000000004
7470,0,0,0.0012,Low Risk,0,0.0126,0,300.4,311.6,1332,54.6,111,7615.97457453852,11.200000000000045,6060.6
5852,0,0,0.0,Low Risk,0,0.0123,2,301.2,310.9,1798,22.3,59,4198.780469424806,9.699999999999989,1315.7
2039,0,0,0.0,Low Risk,0,0.0058,1,299.0,308.9,1449,39.6,105,6008.861436668125,9.899999999999977,4158.0
9366,0,0,0.0014,Low Risk,0,0.0047,0,298.0,308.5,1461,48.0,68,7343.7869870315,10.5,3264.0
5,0,0,0.0012,Low Risk,0,0.0076,1,298.1,308.6,1425,41.9,11,6252.554778807085,10.5,460.9
9733,0,0,0.0,Low Risk,0,0.0116,1,298.9,310.1,1442,42.9,153,6478.152547261368,11.200000000000045,6563.7
6875,0,0,0.0,Low Risk,0,0.0033,1,300.8,311.2,1592,32.9,82,5484.885669951395,10.399999999999977,2697.7999999999997
9031,0,0,0.0,Low Risk,0,0.0036,2,297.5,308.4,1793,23.9,28,4487.524250216244,10.899999999999977,669.1999999999999
3547,0,0,0.0103,Low Risk,0,0.0146,1,301.9,311.0,1467,48.1,43,7389.308664582016,9.100000000000023,2068.3
1378,0,0,0.02,Low Risk,0,0.0307,2,298.8,310.2,1455,44.9,107,6841.289242089812,11.399999999999977,4804.3
899,0,0,0.0005,Low Risk,0,0.007,2,295.6,306.2,1329,55.3,135,7696.2422668377385,10.599999999999966,7465.5
6919,0,0,0.0036,Low Risk,0,0.018,0,301.0,311.5,1444,39.8,197,6018.36999043299,10.5,7840.599999999999
8462,0,0,0.0006,Low Risk,0,0.0069,1,298.7,309.8,1501,44.7,48,7026.140553827036,11.100000000000023,2145.6000000000004
4544,1,1,0.8327,High Risk,1,0.9911,0,302.5,310.4,1349,55.1,187,7783.808926068799,7.899999999999977,10303.7
3515,0,0,0.0,Low Risk,0,0.0193,1,301.9,311.1,1605,40.0,179,6723.008278682157,9.200000000000045,7160.0
3118,0,0,0.0014,Low Risk,0,0.0088,1,300.2,309.5,1458,46.9,23,7160.757799033358,9.300000000000011,1078.7
3681,0,0,0.0003,Low Risk,0,0.042,1,302.1,311.3,1453,45.1,174,6862.31696891784,9.199999999999989,7847.400000000001
3267,0,0,0.0,Low Risk,0,0.0065,0,301.3,310.0,1550,41.5,197,6736.098248072114,8.699999999999989,8175.5
4454,0,0,0.052,Low Risk,0,0.0786,0,302.4,310.1,1401,48.8,177,7159.563993824995,7.7000000000000455,8637.6
8911,0,0,0.0031,Low Risk,0,0.0061,0,297.1,308.3,1773,23.8,169,4418.9013946863315,11.199999999999989,4022.2000000000003
3940,0,0,0.1254,Low Risk,0,0.0375,0,302.3,311.5,1395,54.2,198,7917.755964842355,9.199999999999989,10731.6
4610,0,0,0.1,Low Risk,0,0.1058,0,303.1,311.2,1394,45.3,144,6612.864040247298,8.099999999999966,6523.2
65,0,0,0.0,Low Risk,0,0.0333,0,299.0,309.1,1394,45.1,179,6583.668172519938,10.100000000000023,8072.900000000001
6184,0,0,0.0,Low Risk,0,0.0041,0,301.0,311.0,1553,35.8,26,5822.146113289771,10.0,930.8
7787,0,0,0.0067,Low Risk,0,0.0132,0,300.3,311.5,1378,47.5,64,6854.43157135733,11.199999999999989,3040.0
833,0,0,0.0074,Low Risk,0,0.0102,0,296.6,307.4,1616,28.0,175,4738.359479654365,10.799999999999955,4900.0
4337,0,0,0.0,Low Risk,0,0.024,0,301.6,309.9,1440,43.4,100,6544.565815958256,8.299999999999955,4340.0
4546,0,0,0.0133,Low Risk,0,0.0325,1,302.5,310.4,1429,43.2,191,6464.643698850933,7.899999999999977,8251.2
9987,0,0,0.4494,Moderate Risk,0,0.4972,1,298.8,308.6,1500,37.1,210,5827.654372409066,9.800000000000011,7791.0
7476,0,0,0.0,Low Risk,0,0.003,0,300.2,311.5,1492,41.8,128,6530.910359890653,11.300000000000011,5350.4
2567,0,0,0.0089,Low Risk,0,0.0079,0,299.4,309.1,1766,24.6,158,4549.403153516451,9.700000000000045,3886.8
5701,0,0,0.1544,Low Risk,0,0.1104,1,302.5,311.9,1347,54.3,125,7659.422800937666,9.399999999999977,6787.5
2116,0,0,0.0017,Low Risk,0,0.0096,1,299.4,309.0,1381,44.9,88,6493.347383729231,9.600000000000023,3951.2
3373,0,0,0.0,Low Risk,0,0.0048,0,301.4,310.7,1568,35.2,23,5779.860276172454,9.300000000000011,809.6
3946,0,0,0.0,Low Risk,0,0.0033,1,302.2,311.3,1658,31.0,2,5382.385973640273,9.100000000000023,62.0
5673,0,0,0.0031,Low Risk,0,0.0085,0,302.2,311.6,1462,50.0,51,7655.014099247129,9.400000000000034,2550.0
1390,0,0,0.0016,Low Risk,0,0.022,0,298.9,310.2,1409,54.8,140,8085.747396005313,11.300000000000011,7672.0
9446,0,0,0.0005,Low Risk,0,0.0108,2,298.1,308.9,1388,53.5,83,7776.279575675695,10.799999999999955,4440.5
3536,0,0,0.0,Low Risk,0,0.0039,0,302.0,311.0,1632,34.2,18,5844.870300150738,9.0,615.6
214,0,0,0.0,Low Risk,0,0.0034,1,298.3,308.6,1589,37.1,137,6173.428531838671,10.300000000000011,5082.7
375,0,0,0.0,Low Risk,0,0.0045,0,297.4,308.2,1533,37.4,115,6004.023383981596,10.800000000000011,4301.0
7919,0,0,0.0,Low Risk,0,0.0095,0,300.8,312.0,1496,40.0,175,6266.430146360441,11.199999999999989,7000.0
8759,0,0,0.0005,Low Risk,0,0.0094,1,297.5,308.7,1352,53.0,171,7503.79877285434,11.199999999999989,9063.0
3224,0,0,0.0,Low Risk,0,0.004,1,300.6,309.5,1557,33.8,84,5511.044664780286,8.899999999999977,2839.2
9656,0,0,0.2816,Moderate Risk,0,0.3362,0,299.0,310.1,1623,33.0,210,5608.685364453858,11.100000000000023,6930.0
6173,0,0,0.0,Low Risk,0,0.0079,0,300.8,310.7,1633,27.8,0,4754.004611069243,9.899999999999977,0.0
7000,0,0,0.0144,Low Risk,0,0.01,1,300.6,310.6,1463,45.5,196,6970.827579172832,10.0,8918.0
773,0,0,0.0,Low Risk,0,0.0025,0,296.8,308.0,1510,39.4,29,6230.197111089038,11.199999999999989,1142.6
2314,0,0,0.0,Low Risk,0,0.0124,0,299.2,308.9,1368,47.2,175,6761.712700174384,9.699999999999989,8260.0
8556,0,0,0.0,Low Risk,0,0.0029,0,298.2,309.0,1489,40.6,89,6330.6652441508395,10.800000000000011,3613.4
3150,0,0,0.0,Low Risk,0,0.0049,0,300.4,309.8,1513,32.9,117,5212.708554419888,9.400000000000034,3849.2999999999997
8543,0,0,0.0008,Low Risk,0,0.0128,1,298.5,309.4,1365,48.7,56,6961.298081456943,10.899999999999977,2727.2000000000003
3309,0,0,0.0059,Low Risk,0,0.0356,0,301.3,310.4,1384,50.1,88,7261.100268389017,9.099999999999966,4408.8
3252,0,0,0.0234,Low Risk,0,0.0076,0,301.1,309.7,1668,30.8,158,5379.914587419449,8.599999999999966,4866.400000000001
4271,0,0,0.0,Low Risk,0,0.0082,0,302.6,310.8,1470,41.2,156,6342.247249067075,8.199999999999989,6427.200000000001
8865,0,0,0.0067,Low Risk,0,0.0076,0,297.9,309.0,1290,49.8,43,6727.406508397182,11.100000000000023,2141.4
4849,0,0,0.0133,Low Risk,0,0.0061,1,303.5,312.0,1475,42.9,85,6626.404304584271,8.5,3646.5
9135,0,0,0.0005,Low Risk,0,0.0108,2,297.7,308.8,1404,50.3,97,7395.434770256516,11.100000000000023,4879.099999999999
4085,0,0,0.0,Low Risk,0,0.0045,2,302.0,310.5,1841,23.6,119,4549.82203253693,8.5,2808.4
9486,0,0,0.0054,Low Risk,0,0.0094,1,298.9,309.6,1472,46.0,199,7090.7840586624025,10.700000000000045,9154.0
5169,0,0,0.0,Low Risk,0,0.0025,0,304.1,313.3,1470,39.9,70,6142.127797033404,9.199999999999989,2793.0
9765,0,0,0.0,Low Risk,0,0.0034,0,298.6,309.6,1472,39.1,14,6027.1664498630425,11.0,547.4
4106,0,0,0.0319,Low Risk,0,0.057,0,301.9,310.5,1425,51.1,173,7625.430768425825,8.600000000000023,8840.300000000001
997,0,0,0.0,Low Risk,0,0.006,1,296.3,307.2,1446,45.9,180,6950.396754948985,10.899999999999977,8262.0
3596,0,0,0.1021,Low Risk,0,0.046,0,301.7,310.5,1354,50.0,169,7089.527421600967,8.800000000000011,8450.0
1238,0,0,0.0,Low Risk,0,0.0053,1,297.1,308.4,1615,32.6,184,5513.390387294967,11.299999999999955,5998.400000000001
943,0,0,0.0273,Low Risk,0,0.0057,1,295.6,306.2,1477,45.0,40,6960.1985240281865,10.599999999999966,1800.0
8180,0,0,0.0,Low Risk,0,0.0036,1,299.7,311.2,1616,42.3,180,7158.307356763557,11.5,7613.999999999999
4626,0,0,0.0184,Low Risk,0,0.0074,0,303.0,311.2,1664,29.8,186,5192.759441069593,8.199999999999989,5542.8
1198,0,0,0.0067,Low Risk,0,0.0031,2,296.9,307.9,1557,36.5,63,5951.2760433278245,11.0,2299.5
3446,0,0,0.1868,Low Risk,0,0.2514,2,301.6,310.6,1400,49.5,211,7257.079029792421,9.0,10444.5
7262,0,0,0.0,Low Risk,0,0.0043,1,300.4,310.6,1545,35.6,16,5759.795971091527,10.200000000000045,569.6
3830,0,0,0.0,Low Risk,0,0.0065,0,302.3,310.9,1891,22.7,135,4495.168792339979,8.599999999999966,3064.5
8345,0,0,0.0,Low Risk,0,0.0091,2,298.8,309.8,1490,35.9,171,5601.564421105721,11.0,6138.9
5110,0,0,0.0,Low Risk,0,0.0032,1,304.0,313.5,1732,26.2,126,4752.014935721969,9.5,3301.2
5477,0,0,0.0028,Low Risk,0,0.0063,0,302.7,312.1,1763,26.5,184,4892.454599312944,9.400000000000034,4876.0
2544,0,0,0.0,Low Risk,0,0.0074,0,299.2,309.0,1951,21.4,102,4372.196383902962,9.800000000000011,2182.7999999999997
1402,0,0,0.0021,Low Risk,0,0.0267,1,298.9,310.1,1313,56.8,171,7809.8317852160335,11.200000000000045,9712.8
7397,0,0,0.0125,Low Risk,0,0.017,0,299.7,310.6,1737,26.1,144,4747.543402178359,10.900000000000034,3758.4
6913,0,0,0.0,Low Risk,0,0.0166,0,300.8,311.2,1481,38.5,181,5970.96335729032,10.399999999999977,6968.5
293,0,0,0.013,Low Risk,0,0.0347,2,298.1,308.5,1392,44.8,111,6530.491480870174,10.399999999999977,4972.799999999999
8286,0,0,0.0,Low Risk,0,0.0017,1,298.8,310.5,1678,32.8,4,5763.607770177881,11.699999999999989,131.2
5119,0,0,0.0093,Low Risk,0,0.0237,0,304.2,313.6,1411,46.0,149,6796.940425796637,9.400000000000034,6854.0
7714,0,0,0.0004,Low Risk,0,0.0044,0,300.5,311.5,1487,43.0,78,6695.885862106165,11.0,3354.0
8290,0,0,0.0,Low Risk,0,0.0019,1,298.9,310.6,1679,35.8,14,6294.515984683533,11.700000000000045,501.19999999999993
8513,0,0,0.0,Low Risk,0,0.0102,1,298.2,309.5,1478,36.5,182,5649.316629440285,11.300000000000011,6643.0
9816,0,0,0.0114,Low Risk,0,0.0074,1,298.5,309.2,1721,29.4,170,5298.547337691472,10.699999999999989,4998.0
3500,0,0,0.0134,Low Risk,0,0.0071,2,301.9,311.0,1871,26.0,132,5094.197207550969,9.100000000000023,3432.0
5795,0,0,0.0,Low Risk,0,0.0079,1,301.9,311.4,1465,39.9,153,6121.236205887032,9.5,6104.7
1480,0,0,0.0,Low Risk,0,0.0146,1,298.2,309.3,2056,18.7,144,4026.1813690365825,11.100000000000023,2692.7999999999997
9001,0,0,0.0,Low Risk,0,0.0093,0,297.0,307.8,1500,39.9,175,6267.477343911637,10.800000000000011,6982.5
9212,0,0,0.0,Low Risk,0,0.0108,0,298.0,308.9,1390,53.9,88,7845.70877332003,10.899999999999977,4743.2
2810,0,0,0.0,Low Risk,0,0.0047,0,299.8,309.1,1772,24.8,113,4601.97247058652,9.300000000000011,2802.4
2856,0,0,0.1453,Low Risk,0,0.0397,2,300.5,309.3,1471,45.2,223,6962.732742102082,8.800000000000011,10079.6
1082,0,0,0.0005,Low Risk,0,0.0279,2,297.1,307.9,1420,39.8,192,5918.341680342691,10.799999999999955,7641.599999999999
7928,0,0,0.0,Low Risk,0,0.0054,0,300.6,311.7,1497,43.6,198,6834.974640856098,11.099999999999966,8632.800000000001
7680,0,0,0.2562,Moderate Risk,0,0.1285,0,300.7,311.7,1395,43.7,215,6383.873351727139,11.0,9395.5
8801,0,0,0.0,Low Risk,0,0.0026,0,297.4,308.6,1488,36.4,71,5671.9570404971555,11.200000000000045,2584.4
7985,0,0,0.0,Low Risk,0,0.0021,0,301.0,312.2,1540,34.1,113,5499.253220353813,11.199999999999989,3853.3
1946,0,0,0.0,Low Risk,0,0.0026,0,298.2,308.1,1622,34.9,67,5927.954953862675,9.900000000000034,2338.2999999999997
9633,0,0,0.0007,Low Risk,0,0.0222,2,299.1,310.1,1421,41.2,149,6130.839007431506,11.0,6138.8
6840,0,0,0.1899,Low Risk,0,0.4072,0,301.1,311.1,1799,21.7,206,4088.0812162878133,10.0,4470.2
8105,0,0,0.0002,Low Risk,0,0.0052,0,300.4,311.9,1476,48.7,189,7527.381661707287,11.5,9204.300000000001
4601,1,1,0.9529,High Risk,1,0.9875,1,303.0,311.1,1372,54.3,117,7801.579868512604,8.100000000000023,6353.099999999999
3592,0,0,0.0624,Low Risk,0,0.0503,2,301.6,310.4,1369,45.4,156,6508.605052050166,8.799999999999955,7082.4
873,0,0,0.0,Low Risk,0,0.0054,0,295.9,306.4,1892,21.7,72,4299.416154094799,10.5,1562.3999999999999
3909,0,0,0.0,Low Risk,0,0.0054,2,302.3,311.3,1744,30.3,116,5533.7269637392055,9.0,3514.8
7305,0,0,0.0,Low Risk,0,0.0113,1,300.0,310.5,1790,25.7,123,4817.422894769708,10.5,3161.1
166,0,0,0.0,Low Risk,0,0.0017,2,298.4,308.2,1612,32.6,10,5503.148795244265,9.800000000000011,326.0
1731,0,0,0.0,Low Risk,0,0.0027,1,298.3,307.9,1485,42.0,117,6531.371126813179,9.599999999999966,4914.0
1150,0,0,0.0,Low Risk,0,0.0049,0,297.1,307.9,1456,50.0,166,7623.598172711231,10.799999999999955,8300.0
5083,0,0,0.0211,Low Risk,0,0.0505,0,304.1,313.1,1327,54.1,57,7517.904523868958,9.0,3083.7000000000003
1889,0,0,0.0005,Low Risk,0,0.0106,2,297.7,307.4,1432,40.2,132,6028.339311120382,9.699999999999989,5306.400000000001
8583,0,0,0.0,Low Risk,0,0.0138,0,297.4,308.0,1423,38.0,154,5662.616038340482,10.600000000000023,5852.0
8307,1,1,0.88,High Risk,1,0.9906,1,298.7,310.1,1402,69.7,64,10233.151638440082,11.400000000000034,4460.8
7424,0,0,0.493,Moderate Risk,1,0.5934,1,300.1,311.4,1575,29.8,210,4915.021706541231,11.299999999999955,6258.0
6838,0,0,0.0003,Low Risk,0,0.006,0,301.1,311.1,1570,41.6,202,6839.456646375219,10.0,8403.2
2029,0,0,0.0,Low Risk,0,0.0025,0,298.7,308.5,1668,35.2,77,6148.473814193656,9.800000000000011,2710.4
377,0,0,0.0072,Low Risk,0,0.0102,1,297.4,308.2,1424,53.9,120,8037.6181965523165,10.800000000000011,6468.0
7366,0,0,0.0,Low Risk,0,0.0057,2,299.6,310.1,1531,36.8,62,5899.994779245727,10.5,2281.6
1821,0,0,0.0,Low Risk,0,0.0102,0,298.1,307.6,1354,43.3,155,6139.530747106436,9.5,6711.5
5433,0,0,0.0032,Low Risk,0,0.0032,0,302.9,312.5,1550,45.5,72,7385.360729814005,9.600000000000023,3276.0
3128,0,0,0.0,Low Risk,0,0.0047,1,300.1,309.5,1462,42.8,50,6552.692068955542,9.399999999999977,2140.0
8983,0,0,0.0072,Low Risk,0,0.0089,1,297.0,307.7,1261,51.1,130,6747.8373326210285,10.699999999999989,6643.0
8537,0,0,0.0,Low Risk,0,0.0037,0,298.6,309.5,1730,30.2,41,5471.188325981744,10.899999999999977,1238.2
5640,0,0,0.0202,Low Risk,0,0.0141,0,302.6,312.1,1420,51.6,182,7673.025897127711,9.5,9391.2
7630,0,0,0.0,Low Risk,0,0.0046,0,300.5,311.6,1534,37.7,90,6056.13193412914,11.100000000000023,3393.0000000000005
9857,0,0,0.0005,Low Risk,0,0.0221,1,298.6,309.5,1366,55.0,65,7867.595202140038,10.899999999999977,3575.0
3794,0,1,0.9723,High Risk,1,0.9727,1,302.2,310.8,1356,48.3,36,6858.599417611092,8.600000000000023,1738.8
5505,0,0,0.0,Low Risk,0,0.003,0,302.8,312.2,1746,27.4,44,5009.83497282657,9.399999999999977,1205.6
1867,0,0,0.0,Low Risk,0,0.0025,0,298.1,307.9,1502,41.8,79,6574.683217530671,9.799999999999955,3302.2
9475,0,0,0.0,Low Risk,0,0.0059,0,298.8,309.6,1523,41.9,165,6682.555037279432,10.800000000000011,6913.5
5837,0,0,0.0,Low Risk,0,0.0061,1,301.3,311.1,1834,25.4,22,4878.223184592182,9.800000000000011,558.8
5286,0,0,0.0016,Low Risk,0,0.0103,0,303.8,313.1,1422,42.4,152,6313.847251478622,9.300000000000011,6444.8
4488,0,0,0.0,Low Risk,0,0.006,1,302.5,310.4,1509,37.6,45,5941.631353881304,7.899999999999977,1692.0
9386,0,0,0.0133,Low Risk,0,0.0069,1,297.5,308.0,2033,16.7,128,3555.3508780430807,10.5,2137.6
3513,0,0,0.0143,Low Risk,0,0.0556,1,301.9,311.1,1417,52.5,171,7790.364382739289,9.200000000000045,8977.5
1791,0,0,0.0,Low Risk,0,0.0026,0,298.1,307.8,1524,40.8,71,6511.390597536349,9.699999999999989,2896.7999999999997
55,0,0,0.0,Low Risk,0,0.0047,0,298.8,309.1,1512,40.7,156,6444.286178455671,10.300000000000011,6349.200000000001
8025,0,0,0.4604,Moderate Risk,0,0.1585,1,300.8,312.0,1422,50.7,219,7549.81263325392,11.199999999999989,11103.300000000001
9636,0,0,0.0,Low Risk,0,0.0085,0,299.2,310.3,1507,41.3,158,6517.663310868016,11.100000000000023,6525.4
7677,0,0,0.3777,Moderate Risk,1,0.9604,0,300.6,311.7,1428,52.6,208,7865.79402235198,11.099999999999966,10940.800000000001
1990,0,0,0.0,Low Risk,0,0.0285,0,298.2,307.8,1423,48.1,183,7167.679774846769,9.600000000000023,8802.300000000001
5972,0,0,0.0017,Low Risk,0,0.0283,0,300.5,310.8,1445,46.6,155,7051.51415049253,10.300000000000011,7223.0
4765,0,0,0.02,Low Risk,0,0.0049,0,303.7,312.0,1892,22.5,79,4457.919975443916,8.300000000000011,1777.5
3886,0,0,0.0192,Low Risk,0,0.0539,0,302.4,311.3,1392,50.5,51,7361.379905891603,8.900000000000034,2575.5
7421,0,0,0.1286,Low Risk,0,0.0563,1,300.1,311.4,1342,48.5,203,6815.894701473295,11.299999999999955,9845.5
9320,0,0,0.0011,Low Risk,0,0.0162,0,298.4,309.3,1409,43.1,166,6359.410816931187,10.900000000000034,7154.6
4650,0,0,0.0,Low Risk,0,0.0025,0,303.3,311.4,1658,30.5,7,5295.573296646075,8.099999999999966,213.5
591,0,0,0.0423,Low Risk,0,0.0103,2,297.5,309.3,1525,41.7,235,6659.3910274469645,11.800000000000011,9799.5
6497,1,1,0.9867,High Risk,1,0.9987,0,300.8,309.9,1312,65.3,192,8971.718412219681,9.099999999999966,12537.599999999999
8035,0,0,0.0,Low Risk,0,0.0076,0,300.7,311.7,1910,19.7,13,3940.290225887438,11.0,256.09999999999997
2094,0,0,0.0079,Low Risk,0,0.0167,0,299.4,309.3,1377,43.6,28,6287.080882070038,9.900000000000034,1220.8
4720,1,1,0.72,High Risk,1,0.9685,1,303.4,311.7,1353,44.1,192,6248.345044651275,8.300000000000011,8467.2
7574,0,0,0.0,Low Risk,0,0.0082,0,300.4,311.1,1487,37.4,162,5823.863517273734,10.700000000000045,6058.8
6848,0,0,0.0075,Low Risk,0,0.0205,1,301.1,311.3,1389,53.3,8,7752.790934602355,10.199999999999989,426.4
9023,0,0,0.0,Low Risk,0,0.0018,0,297.4,308.3,1706,30.9,9,5520.343779034912,10.900000000000034,278.09999999999997
5874,0,0,0.0,Low Risk,0,0.0035,1,301.5,311.1,1660,33.8,115,5875.6160202538695,9.600000000000023,3886.9999999999995
1210,0,0,0.0,Low Risk,0,0.0027,0,297.0,308.1,1537,39.0,103,6277.216281137766,11.100000000000023,4017.0
9547,0,0,0.0037,Low Risk,0,0.0027,0,299.6,311.1,1679,30.7,129,5397.811193569398,11.5,3960.2999999999997
5856,0,0,0.0,Low Risk,0,0.0055,2,301.2,310.9,1598,35.9,71,6007.5838556556655,9.699999999999989,2548.9
754,0,0,0.0385,Low Risk,0,0.0795,1,296.9,308.1,1483,44.3,219,6879.763280120775,11.200000000000045,9701.699999999999
4960,0,0,0.1013,Low Risk,0,0.1183,0,303.9,312.7,1339,62.3,156,8735.690556155481,8.800000000000011,9718.8
9069,0,0,0.0,Low Risk,0,0.0049,1,297.2,308.2,1678,28.1,133,4937.724949451173,11.0,3737.3
9354,0,0,0.0,Low Risk,0,0.0021,1,298.2,308.8,1607,31.9,39,5368.2802226256545,10.600000000000023,1244.1
1247,0,0,0.1047,Low Risk,0,0.1144,0,297.2,308.5,1513,42.9,212,6797.11844938034,11.300000000000011,9094.8
732,0,0,0.0031,Low Risk,0,0.0102,0,297.2,308.6,1924,22.1,163,4452.725875589981,11.400000000000034,3602.3
5367,0,0,0.0133,Low Risk,0,0.0048,1,303.1,312.5,1766,26.7,157,4937.766837353221,9.399999999999977,4191.9
8708,0,0,0.0139,Low Risk,0,0.0115,1,297.2,308.5,1364,54.0,43,7713.238283093659,11.300000000000011,2322.0
2105,0,0,0.0006,Low Risk,0,0.0028,0,299.3,309.1,1495,44.0,55,6888.46549177122,9.800000000000011,2420.0
8536,0,0,0.0182,Low Risk,0,0.0431,1,298.6,309.5,1426,45.4,38,6779.598834348822,10.899999999999977,1725.2
8169,0,0,0.0064,Low Risk,0,0.0095,1,299.8,311.2,1745,26.3,150,4805.956081584105,11.399999999999977,3945.0
8298,0,0,0.1142,Low Risk,0,0.0315,2,298.7,310.1,1435,45.6,37,6852.441896010057,11.400000000000034,1687.2
2401,0,0,0.0005,Low Risk,0,0.0132,1,299.2,308.6,1367,47.6,168,6814.030689832166,9.400000000000034,7996.8
5996,0,0,0.2839,Moderate Risk,1,0.5401,1,300.5,310.2,1386,48.2,225,6995.824184719894,9.699999999999989,10845.0
9071,0,0,0.0,Low Risk,0,0.0109,0,297.0,308.1,1429,54.0,138,8080.804623563666,11.100000000000023,7452.0
4288,0,0,0.0667,Low Risk,0,0.0592,1,301.7,310.0,1391,50.6,195,7370.6580761952055,8.300000000000011,9867.0
1754,0,0,0.0,Low Risk,0,0.006,1,298.0,307.4,1463,46.5,182,7124.032580912894,9.399999999999977,8463.0
1361,0,0,0.0,Low Risk,0,0.0036,1,298.6,310.1,1458,41.9,61,6397.350784211038,11.5,2555.9
4026,0,1,0.5319,Moderate Risk,1,0.5506,1,302.1,311.0,1574,34.1,215,5620.665304439547,8.899999999999977,7331.5
7441,0,0,0.0057,Low Risk,0,0.012,1,299.9,311.4,1337,54.8,32,7672.565130205183,11.5,1753.6
120,0,0,0.0012,Low Risk,0,0.0144,0,298.9,308.7,1433,44.7,108,6707.834386165319,9.800000000000011,4827.6
8787,0,0,0.0,Low Risk,0,0.0023,1,297.5,308.5,1699,30.1,40,5355.3578048438885,11.0,1204.0
5553,0,0,0.146,Low Risk,0,0.1278,0,302.5,311.9,1306,59.7,172,8164.810811120657,9.399999999999977,10268.4
518,0,0,0.0,Low Risk,0,0.0042,0,297.6,309.5,1924,20.6,37,4150.504662314644,11.899999999999977,762.2
2838,0,0,0.0014,Low Risk,0,0.0174,0,300.3,309.3,1478,39.5,180,6113.644023640857,9.0,7110.0
5019,0,0,0.0,Low Risk,0,0.0023,1,304.0,313.1,1466,39.5,83,6064.006859714138,9.100000000000023,3278.5
9130,0,0,0.0,Low Risk,0,0.0022,0,297.6,308.6,1576,32.7,83,5396.7535240426905,11.0,2714.1000000000004
2809,0,0,0.0,Low Risk,0,0.0036,0,299.9,309.2,1598,34.6,111,5790.039036370084,9.300000000000011,3840.6000000000004
7220,0,0,0.0,Low Risk,0,0.0129,0,299.8,309.7,1429,42.6,127,6374.856980811336,9.899999999999977,5410.2
1710,0,0,0.0,Low Risk,0,0.0035,0,298.2,307.8,1530,35.9,68,5751.941989457552,9.600000000000023,2441.2
5637,0,0,0.0075,Low Risk,0,0.0129,1,302.5,312.0,1487,46.1,175,7178.612517281261,9.5,8067.5
4628,0,0,0.0,Low Risk,0,0.0137,1,303.0,311.1,1597,36.7,191,6137.614375587747,8.100000000000023,7009.700000000001
6295,0,0,0.0,Low Risk,0,0.0088,2,301.1,310.6,1782,24.9,93,4646.604030218518,9.5,2315.7
6058,0,0,0.0,Low Risk,0,0.011,1,300.9,310.9,1636,35.3,153,6047.649633964446,10.0,5400.9
823,0,0,0.0,Low Risk,0,0.0049,1,296.6,307.5,1482,39.9,153,6192.267615784697,10.899999999999977,6104.7
4618,1,1,0.9864,High Risk,1,0.9885,1,303.0,311.3,1335,53.6,164,7493.326797342374,8.300000000000011,8790.4
2192,0,0,0.0009,Low Risk,0,0.0039,0,299.6,309.0,1472,48.8,72,7522.397001363591,9.399999999999977,3513.6
3575,0,0,0.0,Low Risk,0,0.0079,0,301.7,310.5,1567,39.1,114,6416.147980255018,8.800000000000011,4457.400000000001
1052,0,0,0.0,Low Risk,0,0.0038,0,296.7,307.7,1927,23.9,112,4822.899737962466,11.0,2676.7999999999997
6112,0,0,0.0,Low Risk,0,0.0115,0,300.7,310.8,1925,22.0,74,4434.881629317591,10.100000000000023,1628.0
8419,0,0,0.0002,Low Risk,0,0.0147,0,299.0,310.3,1431,39.9,157,5979.173386091702,11.300000000000011,6264.3
133,0,0,0.0005,Low Risk,0,0.01,1,298.7,308.4,1430,49.6,135,7427.562791127228,9.699999999999989,6696.0
8649,0,0,0.0463,Low Risk,0,0.016,0,297.4,308.4,1328,61.8,98,8594.392190572524,11.0,6056.4
4367,0,0,0.02,Low Risk,0,0.0139,2,302.0,309.9,1447,42.8,185,6485.461986168721,7.899999999999977,7917.999999999999
8162,0,0,0.0,Low Risk,0,0.0047,0,299.6,311.0,1574,35.0,133,5769.011309542057,11.399999999999977,4655.0
6583,0,0,0.0121,Low Risk,0,0.0202,1,301.5,310.5,1503,38.2,200,6012.4428522932185,9.0,7640.000000000001
97,0,0,0.0,Low Risk,0,0.0024,1,298.9,308.9,1750,29.9,50,5479.461186636197,10.0,1495.0
7133,0,0,0.0,Low Risk,0,0.0078,1,300.5,309.9,1552,41.3,116,6712.284975757903,9.399999999999977,4790.799999999999
9075,0,0,0.0,Low Risk,0,0.0074,0,297.3,308.1,1506,36.0,150,5677.486243567474,10.800000000000011,5400.0
6022,0,0,0.0,Low Risk,0,0.0068,0,300.7,310.9,1521,39.4,61,6275.582652957899,10.199999999999989,2403.4
9411,0,0,0.0121,Low Risk,0,0.0253,0,298.0,308.5,1404,46.6,201,6851.436586360908,10.5,9366.6
1272,0,0,0.0,Low Risk,0,0.0033,2,298.0,309.4,1562,38.1,58,6232.103010632216,11.399999999999977,2209.8
6891,0,0,0.0,Low Risk,0,0.0051,0,300.9,311.5,1505,41.1,129,6477.492812804115,10.600000000000023,5301.900000000001
6816,0,0,0.0,Low Risk,0,0.0054,0,300.9,310.7,1477,43.2,143,6681.790583067059,9.800000000000011,6177.6
4950,0,0,0.0,Low Risk,0,0.0041,1,303.8,312.7,1919,20.2,131,4059.3356435074666,8.899999999999977,2646.2
7086,0,0,0.4743,Moderate Risk,1,0.8988,0,300.6,310.4,2514,13.4,215,3527.75722256905,9.799999999999955,2881.0
1968,0,0,0.0,Low Risk,0,0.0065,0,298.0,307.6,1281,50.8,122,6814.6171204608345,9.600000000000023,6197.599999999999
7087,1,1,0.5179,Moderate Risk,0,0.3557,0,300.6,310.3,1648,30.5,217,5263.633771334578,9.699999999999989,6618.5
6232,0,0,0.0122,Low Risk,0,0.0318,0,301.3,311.0,1576,30.4,151,5017.165355684947,9.699999999999989,4590.4
9751,0,0,0.0027,Low Risk,0,0.016,0,298.6,309.9,1615,28.8,199,4870.725250125615,11.299999999999955,5731.2
1262,0,0,0.0,Low Risk,0,0.0032,2,297.8,309.2,1648,33.0,29,5695.079162427577,11.399999999999977,957.0
8469,0,0,0.0396,Low Risk,0,0.0382,1,298.6,309.7,1280,64.1,71,8592.046468057844,11.099999999999966,4551.099999999999
9300,0,0,0.0067,Low Risk,0,0.0122,0,298.1,308.9,1367,41.9,113,5998.064829915288,10.799999999999955,4734.7
844,0,0,0.3826,Moderate Risk,1,0.7334,0,296.5,307.5,1566,35.1,206,5756.0888917602915,11.0,7230.6
3733,0,0,0.0,Low Risk,0,0.0048,0,302.2,311.1,1470,39.6,97,6095.946385025634,8.900000000000034,3841.2000000000003
747,0,0,0.0333,Low Risk,0,0.0181,0,296.8,308.1,1356,48.3,201,6858.599417611092,11.300000000000011,9708.3
3302,0,0,0.0197,Low Risk,0,0.013,0,301.3,310.5,1503,48.6,72,7649.338288519643,9.199999999999989,3499.2000000000003
5485,0,0,0.08,Low Risk,0,0.0933,0,302.6,312.1,1344,51.0,206,7177.910894921959,9.5,10506.0
9137,0,0,0.0006,Low Risk,0,0.002,0,297.7,308.7,1731,28.4,104,5148.065049584521,11.0,2953.6
3091,0,0,0.094,Low Risk,0,0.0434,0,300.0,309.3,1558,29.7,168,4845.655340749969,9.300000000000011,4989.599999999999
1475,0,0,0.0,Low Risk,0,0.0056,1,298.4,309.5,1519,35.4,133,5631.053504147417,11.100000000000023,4708.2
6780,0,0,0.0,Low Risk,0,0.007,0,301.3,310.8,1560,38.5,52,6289.468492486765,9.5,2002.0
1425,0,0,0.0067,Low Risk,0,0.0161,0,298.6,309.7,1356,54.0,6,7667.999348881966,11.099999999999966,324.0
8967,0,0,0.0,Low Risk,0,0.003,0,297.1,307.8,1536,40.4,92,6498.321572097414,10.699999999999989,3716.7999999999997
5124,0,0,0.0,Low Risk,0,0.0049,1,304.2,313.5,1557,37.3,164,6081.714970304873,9.300000000000011,6117.2
1091,0,0,0.0014,Low Risk,0,0.0066,0,297.0,307.7,1447,46.4,8,7030.968134538053,10.699999999999989,371.2
9272,0,0,0.0,Low Risk,0,0.0079,0,298.2,308.6,1353,54.1,38,7665.203331420272,10.400000000000034,2055.8
4035,0,0,0.0,Low Risk,0,0.012,0,302.0,310.8,1454,36.6,0,5572.808376349863,8.800000000000011,0.0
4327,0,0,0.0133,Low Risk,0,0.009,2,301.7,310.1,1660,29.3,72,5093.3594495100115,8.400000000000034,2109.6
92,0,0,0.0,Low Risk,0,0.0052,1,298.9,308.9,1727,27.1,37,4901.062563183781,10.0,1002.7
7651,0,0,0.0114,Low Risk,0,0.0483,1,300.4,311.5,1476,32.6,144,5038.86328894574,11.100000000000023,4694.400000000001
8804,0,0,0.0139,Low Risk,0,0.0108,1,297.5,308.6,1255,60.7,77,7977.393865383002,11.100000000000023,4673.900000000001
3055,0,0,0.0012,Low Risk,0,0.0161,0,300.1,309.2,1427,37.6,73,5618.759404896369,9.099999999999966,2744.8
3376,0,0,0.0255,Low Risk,0,0.0693,1,301.5,310.8,1385,47.5,30,6889.250889934617,9.300000000000011,1425.0
6686,0,0,0.0,Low Risk,0,0.0058,0,301.7,311.0,1715,24.8,17,4453.940624749369,9.300000000000011,421.6
2887,0,0,0.0,Low Risk,0,0.0107,1,300.5,309.5,1691,27.6,67,4887.438523042713,9.0,1849.2
2941,1,0,0.0897,Low Risk,0,0.2124,1,300.7,309.6,1996,19.8,203,4138.60849813305,8.900000000000034,4019.4
4630,0,0,0.0006,Low Risk,0,0.0063,0,302.9,311.2,1751,23.8,196,4364.070130905678,8.300000000000011,4664.8
8440,0,0,0.0,Low Risk,0,0.0233,0,298.6,309.8,1370,56.0,0,8034.099612780297,11.199999999999989,0.0
61,0,0,0.0,Low Risk,0,0.0057,1,298.8,309.0,1592,38.2,169,6368.469075749037,10.199999999999989,6455.8
1758,0,0,0.0,Low Risk,0,0.0082,0,298.1,307.4,1608,33.9,193,5708.3995152787975,9.299999999999955,6542.7
9015,1,0,0.0603,Low Risk,0,0.2114,0,297.2,308.1,1431,49.7,210,7447.742287938786,10.900000000000034,10437.0
2852,0,0,0.04,Low Risk,0,0.0305,1,300.5,309.4,1347,50.1,213,7066.9812583237035,8.899999999999977,10671.300000000001
6302,0,0,0.0019,Low Risk,0,0.0249,0,301.2,310.6,1437,51.2,112,7704.693151075897,9.400000000000034,5734.400000000001
1187,0,0,0.0,Low Risk,0,0.0027,1,297.4,308.6,1522,38.0,33,6056.571757100643,11.200000000000045,1254.0
6915,0,0,0.0,Low Risk,0,0.0168,0,301.0,311.4,1484,36.2,188,5625.629020832219,10.399999999999977,6805.6
4679,0,0,0.0,Low Risk,0,0.0078,0,303.6,311.8,1695,30.7,90,5449.249537284176,8.199999999999989,2763.0
204,0,0,0.0,Low Risk,0,0.002,0,298.4,308.5,1741,32.8,112,5980.000672157146,10.100000000000023,3673.5999999999995
3593,0,0,0.0607,Low Risk,0,0.0503,1,301.6,310.4,1377,44.9,161,6474.5397157097395,8.799999999999955,7228.9
2172,0,0,0.0,Low Risk,0,0.0093,0,299.5,309.2,1816,23.0,15,4373.934731837949,9.699999999999989,345.0
3519,0,0,0.0,Low Risk,0,0.01,1,301.9,310.9,1569,32.5,188,5339.922112939251,9.0,6110.0
2176,0,0,0.0125,Low Risk,0,0.0375,1,299.6,309.3,1387,48.3,25,7015.396306951758,9.699999999999989,1207.5
3955,0,0,0.0076,Low Risk,0,0.0182,0,302.3,311.5,1448,49.6,28,7521.056588498061,9.199999999999989,1388.8
4735,0,0,0.1341,Low Risk,0,0.0806,0,303.2,311.5,1544,42.5,227,6871.7103309520735,8.300000000000011,9647.5
9538,0,0,0.0,Low Risk,0,0.0118,0,299.3,310.6,1480,45.1,107,6989.8342147270505,11.300000000000011,4825.7
6014,0,0,0.0,Low Risk,0,0.0043,2,300.8,310.8,1618,32.8,40,5557.519292102391,10.0,1312.0
6053,0,0,0.0,Low Risk,0,0.0056,0,300.8,310.9,1748,29.9,140,5473.198945280042,10.099999999999966,4186.0
9122,0,0,0.0073,Low Risk,0,0.0024,0,297.4,308.4,1580,41.2,66,6816.837179269373,11.0,2719.2000000000003
6116,0,0,0.0004,Low Risk,0,0.0176,0,300.8,310.9,1453,43.9,84,6679.727603891201,10.099999999999966,3687.6
6788,0,0,0.003,Low Risk,0,0.0193,1,301.1,310.6,1410,43.9,73,6482.04812215182,9.5,3204.7
2965,0,0,0.0,Low Risk,0,0.0074,1,300.7,309.5,1838,24.9,66,4792.625256757373,8.800000000000011,1643.3999999999999
8707,0,0,0.0,Low Risk,0,0.0026,0,297.2,308.5,1471,41.7,41,6423.583082868514,11.300000000000011,1709.7
5255,0,0,0.0048,Low Risk,0,0.0175,1,303.5,313.0,1403,51.9,77,7625.24227286661,9.5,3996.2999999999997
4329,0,0,0.0,Low Risk,0,0.0099,0,301.6,310.0,1566,30.3,79,4968.9314364768325,8.399999999999977,2393.7000000000003
2781,0,0,0.0,Low Risk,0,0.0086,0,300.2,309.5,2183,17.8,39,4069.1374125866673,9.300000000000011,694.2
5782,0,0,0.0,Low Risk,0,0.0102,0,301.7,311.1,1455,39.8,118,6064.216299224377,9.400000000000034,4696.4
8483,0,0,0.0,Low Risk,0,0.0032,0,298.3,309.4,1618,31.5,108,5337.2517591836995,11.099999999999966,3402.0
1320,0,0,0.0,Low Risk,0,0.012,1,299.0,310.3,1540,38.1,182,6144.3269118909175,11.300000000000011,6934.2
9978,0,0,0.0072,Low Risk,0,0.0122,2,298.6,308.3,1377,52.1,181,7512.773255868095,9.699999999999989,9430.1
9741,0,0,0.0,Low Risk,0,0.0054,0,298.9,310.1,1495,42.9,175,6716.253854476939,11.200000000000045,7507.5
5896,0,0,0.0074,Low Risk,0,0.0227,0,301.1,310.8,1274,55.7,169,7431.102318850272,9.699999999999989,9413.300000000001
6355,0,0,0.0,Low Risk,0,0.0048,0,300.1,309.7,1481,37.9,34,5877.909382890991,9.599999999999966,1288.6
5195,0,0,0.0,Low Risk,0,0.0038,0,303.9,313.0,1551,36.8,140,5977.0685190137965,9.100000000000023,5152.0
2963,0,0,0.0043,Low Risk,0,0.0341,1,300.7,309.6,1439,43.0,61,6479.744287539187,8.900000000000034,2623.0
7452,0,0,0.0,Low Risk,0,0.0032,0,300.3,311.7,1579,33.6,59,5555.843776020477,11.399999999999977,1982.4
7531,0,0,0.0077,Low Risk,0,0.0181,2,300.1,311.4,1377,56.7,50,8176.089128747045,11.299999999999955,2835.0
545,0,0,0.0,Low Risk,0,0.0046,0,297.6,309.4,1958,22.1,108,4531.412299586894,11.799999999999955,2386.8
9291,0,0,0.0,Low Risk,0,0.0104,0,298.2,309.0,1353,57.8,89,8189.4408975248,10.800000000000011,5144.2
327,1,1,0.8733,High Risk,1,0.9962,0,297.7,308.5,1373,56.7,203,8152.338688285906,10.800000000000011,11510.1
1781,0,0,0.0,Low Risk,0,0.0054,0,298.5,308.1,1662,28.6,48,4977.665064053812,9.600000000000023,1372.8000000000002
8015,0,0,0.0038,Low Risk,0,0.0182,1,301.0,312.0,1558,37.5,190,6118.251692866122,11.0,7125.0
2612,0,0,0.0067,Low Risk,0,0.0349,0,299.4,309.1,2421,14.2,57,3600.076685454687,9.700000000000045,809.4
9511,0,0,0.0,Low Risk,0,0.0083,0,299.1,310.3,1449,40.7,40,6175.774254353351,11.199999999999989,1628.0
1152,0,0,0.0,Low Risk,0,0.0071,0,297.1,307.9,1507,38.3,170,6044.225297972034,10.799999999999955,6510.999999999999
2905,0,0,0.0,Low Risk,0,0.0039,0,300.6,309.4,1552,36.4,113,5915.912182023915,8.799999999999955,4113.2
4538,0,0,0.0006,Low Risk,0,0.0119,0,302.4,310.3,1923,23.3,172,4692.062875915964,7.900000000000034,4007.6
3859,0,0,0.4853,Moderate Risk,1,0.508,0,302.6,311.5,1599,37.0,211,6195.534872144431,8.899999999999977,7807.0
7573,0,0,0.0,Low Risk,0,0.0086,0,300.3,311.1,1605,37.1,160,6235.590178477701,10.800000000000011,5936.0
7822,0,0,0.0007,Low Risk,0,0.009,2,299.9,311.3,1413,41.8,153,6185.104784534512,11.400000000000034,6395.4
8206,0,0,0.0004,Low Risk,0,0.0029,0,299.3,310.8,1483,43.5,15,6755.5237626468115,11.5,652.5
7342,0,0,0.0,Low Risk,0,0.004,1,299.7,310.3,1661,34.5,6,6000.913207254543,10.600000000000023,207.0
7852,0,0,0.0,Low Risk,0,0.0025,0,300.3,311.7,1515,37.5,5,5949.39108773567,11.399999999999977,187.5
2459,0,0,0.0,Low Risk,0,0.0063,0,299.0,308.6,1297,54.2,110,7361.526513548772,9.600000000000023,5962.0
8160,0,0,0.0021,Low Risk,0,0.0059,1,299.7,311.1,1618,30.3,125,5133.927882643368,11.400000000000034,3787.5
8465,0,0,0.0,Low Risk,0,0.0061,1,298.7,309.8,1475,40.5,59,6255.696371460675,11.100000000000023,2389.5
2537,0,0,0.0167,Low Risk,0,0.0111,2,298.9,308.7,1353,48.1,79,6815.088359358874,9.800000000000011,3799.9
9655,0,0,0.061,Low Risk,0,0.064,2,299.1,310.0,1431,49.5,205,7417.77149402354,10.899999999999977,10147.5
4980,0,0,0.117,Low Risk,0,0.0712,1,303.7,312.8,1685,31.8,203,5611.1986385767295,9.100000000000023,6455.400000000001
5658,0,0,0.0509,Low Risk,0,0.0795,1,302.2,311.4,1372,55.1,9,7916.520271731943,9.199999999999989,495.90000000000003
8149,0,0,0.0188,Low Risk,0,0.0179,1,299.6,310.8,1427,50.4,98,7531.5285640100265,11.199999999999989,4939.2
8014,0,0,0.0067,Low Risk,0,0.0065,0,300.9,312.0,1500,44.2,188,6942.919764433443,11.100000000000023,8309.6
5406,0,0,0.0157,Low Risk,0,0.04,0,302.7,312.4,1360,47.8,11,6807.6218408188415,9.699999999999989,525.8
2087,0,0,0.0,Low Risk,0,0.0035,0,299.5,309.3,1577,36.6,14,6044.235769947547,9.800000000000011,512.4
2190,0,0,0.0006,Low Risk,0,0.0039,1,299.6,309.1,1471,44.3,67,6824.094258299164,9.5,2968.1
5643,0,0,0.0003,Low Risk,0,0.0072,0,302.5,312.0,1574,42.0,188,6922.813571450468,9.5,7896.0
4704,0,0,0.02,Low Risk,0,0.0209,0,303.7,311.9,1561,33.3,153,5443.46900680157,8.199999999999989,5094.9
8221,0,0,0.003,Low Risk,0,0.0128,1,299.1,310.5,1428,43.0,53,6430.211843367589,11.399999999999977,2279.0
9850,0,0,0.0,Low Risk,0,0.004,1,298.5,309.3,1498,34.6,46,5427.708683656062,10.800000000000011,1591.6000000000001
2160,0,0,0.2607,Moderate Risk,0,0.2052,0,299.4,309.0,1507,41.0,213,6470.319509578418,9.600000000000023,8733.0
6067,0,0,0.0,Low Risk,0,0.0107,0,301.0,311.0,1582,37.5,176,6212.499472473815,10.0,6600.0
9969,0,0,0.0067,Low Risk,0,0.0049,0,298.4,308.1,1491,50.0,156,7806.857744170636,9.700000000000045,7800.0
9641,0,0,0.0083,Low Risk,0,0.0349,0,299.3,310.4,1365,53.9,171,7704.598903296288,11.099999999999966,9216.9
3561,0,0,0.0,Low Risk,0,0.0063,0,301.7,310.6,1486,38.5,78,5991.121910150855,8.900000000000034,3003.0
5623,0,0,0.0,Low Risk,0,0.0032,0,302.9,312.3,1578,36.3,141,5998.494180911278,9.400000000000034,5118.299999999999
1652,0,0,0.0,Low Risk,0,0.0037,2,297.9,307.8,1635,34.0,142,5821.371187101887,9.900000000000034,4828.0
6764,0,0,0.0,Low Risk,0,0.0057,0,301.4,310.9,1536,38.3,9,6160.5375299834395,9.5,344.7
5090,0,0,0.0,Low Risk,0,0.0024,1,303.9,313.2,1570,40.7,74,6691.48763239114,9.300000000000011,3011.8
7603,0,0,0.0006,Low Risk,0,0.0191,0,300.4,311.2,1406,43.6,22,6419.488540443335,10.800000000000011,959.2
3425,0,0,0.0,Low Risk,0,0.0096,1,301.5,310.5,1623,33.5,157,5693.665445733462,9.0,5259.5
7373,0,0,0.0,Low Risk,0,0.0063,0,299.6,310.1,1553,38.0,83,6179.931628631602,10.5,3154.0
1728,0,0,0.0,Low Risk,0,0.0038,0,298.3,307.7,1465,49.4,109,7578.673397764897,9.399999999999977,5384.599999999999
624,0,0,0.0,Low Risk,0,0.0025,2,298.3,310.1,1509,37.6,85,5941.631353881304,11.800000000000011,3196.0
6954,0,0,0.023,Low Risk,0,0.0212,1,300.8,311.2,1429,52.3,77,7826.4089224514755,10.399999999999977,4027.1
9799,0,0,0.0,Low Risk,0,0.0036,1,298.5,309.3,1551,34.7,121,5635.985804613553,10.800000000000011,4198.700000000001
5091,0,0,0.0025,Low Risk,0,0.0412,0,303.9,313.2,1345,48.2,77,6788.877004652424,9.300000000000011,3711.4
4357,0,0,0.0399,Low Risk,0,0.0786,0,302.0,309.9,1407,52.8,154,7779.588719937476,7.899999999999977,8131.2
2126,0,0,0.0,Low Risk,0,0.0119,0,299.3,309.0,1449,46.5,121,7055.860020329996,9.699999999999989,5626.5
3771,0,0,0.0636,Low Risk,0,0.0489,1,302.3,311.0,1384,49.7,192,7203.127411954773,8.699999999999989,9542.400000000001
4078,1,1,0.6574,High Risk,1,0.9729,2,302.1,310.7,1294,62.4,101,8455.659458989998,8.599999999999966,6302.4
3392,0,0,0.055,Low Risk,0,0.0651,0,301.5,310.7,1408,47.3,79,6974.168139361148,9.199999999999989,3736.7
7851,0,0,0.0015,Low Risk,0,0.0128,0,300.4,311.7,1373,47.2,3,6786.426562382623,11.300000000000011,141.60000000000002
5928,0,0,0.0,Low Risk,0,0.0065,1,300.2,310.1,1550,38.7,45,6281.614510852792,9.900000000000034,1741.5000000000002
2397,0,0,0.0,Low Risk,0,0.0071,0,299.2,308.6,1582,38.8,156,6427.866120852907,9.400000000000034,6052.799999999999
8934,0,0,0.0,Low Risk,0,0.0023,0,297.3,308.2,1601,35.7,9,5985.330907692738,10.899999999999977,321.3
1692,0,0,0.0071,Low Risk,0,0.003,1,298.1,307.6,1764,27.7,23,5116.900450460911,9.5,637.1
3843,0,0,0.2345,Low Risk,0,0.1699,0,302.5,311.2,1227,60.1,167,7722.317485862534,8.699999999999989,10036.7
7292,0,0,0.0,Low Risk,0,0.0064,1,300.1,310.4,1556,38.1,92,6208.164074611862,10.299999999999955,3505.2000000000003
9517,0,0,0.0,Low Risk,0,0.0042,0,298.9,310.1,1523,39.1,53,6235.988113547156,11.200000000000045,2072.3
119,0,0,0.0,Low Risk,0,0.0039,0,298.7,308.5,1467,40.7,106,6252.491946954014,9.800000000000011,4314.200000000001
4891,0,0,0.0,Low Risk,0,0.0059,1,303.7,312.3,1756,26.4,190,4854.640295739235,8.600000000000023,5016.0
6479,0,0,0.0,Low Risk,0,0.0183,0,300.6,309.8,1418,42.7,147,6340.634564838232,9.199999999999989,6276.900000000001
7807,0,0,0.001,Low Risk,0,0.0076,1,300.0,311.5,1451,49.0,115,7445.46986925269,11.5,5635.0
7809,0,0,0.0,Low Risk,0,0.004,1,300.0,311.4,1537,35.4,120,5697.780932109664,11.399999999999977,4248.0
8622,0,0,0.0,Low Risk,0,0.0085,0,297.5,308.3,1437,42.3,29,6365.40078692403,10.800000000000011,1226.6999999999998
7769,0,0,0.0,Low Risk,0,0.0029,0,300.3,311.5,1552,38.9,23,6322.224831888195,11.199999999999989,894.6999999999999
4838,0,0,0.0133,Low Risk,0,0.0045,2,303.3,311.8,1649,29.4,49,5076.876560054177,8.5,1440.6
6496,0,0,0.0247,Low Risk,0,0.0154,0,300.7,309.9,1815,27.0,190,5131.7915996389265,9.199999999999989,5130.0
9484,0,0,0.0388,Low Risk,0,0.009,0,298.9,309.6,1663,33.7,195,5868.819708146605,10.700000000000045,6571.500000000001
947,0,0,0.0,Low Risk,0,0.0106,0,295.6,306.2,1428,44.5,51,6654.5215588339,10.599999999999966,2269.5
7094,0,0,0.0083,Low Risk,0,0.0236,0,300.6,310.2,1447,45.9,17,6955.203391708979,9.599999999999966,780.3
3382,0,0,0.0,Low Risk,0,0.0061,0,301.3,310.6,1510,38.5,47,6087.88296388142,9.300000000000011,1809.5
5791,0,0,0.0,Low Risk,0,0.0058,1,301.8,311.3,1542,40.1,142,6475.262282020067,9.5,5694.2
4081,1,1,0.9729,High Risk,1,0.9915,0,302.0,310.4,1336,58.2,110,8142.505503280168,8.399999999999977,6402.0
5148,0,0,0.0333,Low Risk,0,0.006,0,304.4,313.6,1507,43.1,13,6801.726118605606,9.200000000000045,560.3000000000001
5827,0,0,0.0006,Low Risk,0,0.0035,0,301.3,311.1,1624,40.9,0,6955.653686655992,9.800000000000011,0.0
2011,0,0,0.0,Low Risk,0,0.0064,0,298.7,308.5,1616,30.2,34,5110.659153055779,9.800000000000011,1026.8
9229,0,0,0.0,Low Risk,0,0.0069,1,298.1,309.0,2042,17.8,129,3806.311771187345,10.899999999999977,2296.2000000000003
7790,0,0,0.0,Low Risk,0,0.0035,0,300.1,311.4,1729,29.3,71,5305.071378435428,11.299999999999955,2080.3
8314,0,0,0.0,Low Risk,0,0.0045,0,298.8,309.9,1739,30.6,83,5572.494217084503,11.099999999999966,2539.8
418,0,0,0.0067,Low Risk,0,0.005,0,297.4,308.4,2151,17.7,0,3986.96382074427,11.0,0.0
1313,0,0,0.0016,Low Risk,0,0.0267,0,298.9,310.2,1359,56.9,166,8097.6749761134415,11.300000000000011,9445.4
2508,0,0,0.0,Low Risk,0,0.0018,0,299.0,308.9,1615,30.6,14,5175.145578258466,9.899999999999977,428.40000000000003
850,0,0,0.0,Low Risk,0,0.0017,0,296.3,307.3,1567,31.4,5,5152.609886956715,11.0,157.0
9724,0,0,0.0,Low Risk,0,0.0098,1,298.8,309.7,2098,19.0,133,4174.338878579878,10.899999999999977,2527.0
5453,0,0,0.0,Low Risk,0,0.0034,0,303.0,312.6,1451,42.1,125,6397.026152970168,9.600000000000023,5262.5
5041,0,0,0.0093,Low Risk,0,0.04,0,304.0,313.2,1314,47.1,144,6481.042812502671,9.199999999999989,6782.400000000001
1630,0,0,0.0,Low Risk,0,0.0149,0,297.9,307.9,1412,44.5,85,6579.961093188702,10.0,3782.5
7861,0,0,0.0004,Low Risk,0,0.0035,0,300.5,312.0,1498,42.9,25,6729.731286960839,11.5,1072.5
3271,0,0,0.2538,Moderate Risk,0,0.2715,1,301.4,310.0,1689,32.1,207,5677.580491347082,8.600000000000023,6644.700000000001
1181,0,0,0.0002,Low Risk,0,0.0063,0,297.2,308.3,1379,52.1,21,7523.685054351565,11.100000000000023,1094.1000000000001
5142,0,0,0.0133,Low Risk,0,0.0065,0,304.4,313.6,1568,39.1,0,6420.242522680197,9.200000000000045,0.0
4591,0,0,0.0,Low Risk,0,0.0046,2,302.9,311.2,2102,17.8,91,3918.152469655142,8.300000000000011,1619.8
6819,0,0,0.0071,Low Risk,0,0.0343,0,300.9,310.7,1359,46.0,151,6546.4507715504105,9.800000000000011,6946.0
4349,0,0,0.0,Low Risk,0,0.0027,0,301.9,309.7,1595,31.4,133,5244.67949565792,7.800000000000011,4176.2
1273,0,0,0.0101,Low Risk,0,0.0285,0,298.1,309.4,1397,48.2,63,7051.346598884339,11.299999999999955,3036.6000000000004
1649,0,0,0.0,Low Risk,0,0.0052,2,298.0,307.9,1482,37.8,132,5866.358793901292,9.899999999999977,4989.599999999999
8633,0,0,0.0002,Low Risk,0,0.007,0,297.4,308.3,1336,53.7,61,7512.930335500774,10.900000000000034,3275.7000000000003
5944,0,0,0.0,Low Risk,0,0.0057,1,300.7,310.6,1484,38.0,84,5905.356430707853,9.900000000000034,3192.0
768,0,0,0.0,Low Risk,0,0.0017,0,296.9,308.0,1713,29.3,13,5255.978757235332,11.100000000000023,380.90000000000003
1667,0,0,0.0031,Low Risk,0,0.0153,0,298.2,307.9,1769,27.2,188,5038.779513141644,9.699999999999989,5113.599999999999
8132,0,0,0.0071,Low Risk,0,0.0165,1,299.9,311.3,1389,50.0,55,7272.786993060371,11.400000000000034,2750.0
1564,0,0,0.0,Low Risk,0,0.0081,1,298.0,308.2,2090,19.0,143,4158.42147580169,10.199999999999989,2717.0
6177,0,0,0.0068,Low Risk,0,0.0083,0,301.0,310.8,1527,45.3,8,7243.790092867736,9.800000000000011,362.4
7786,0,0,0.0025,Low Risk,0,0.0047,0,300.3,311.5,1466,46.2,62,7092.58523845046,11.199999999999989,2864.4
4134,0,0,0.014,Low Risk,0,0.0044,0,301.8,310.3,1688,28.8,31,5090.888063289188,8.5,892.8000000000001
7326,0,0,0.0009,Low Risk,0,0.0231,1,299.9,310.5,1335,52.9,180,7395.466186183052,10.600000000000023,9522.0
7219,0,0,0.0,Low Risk,0,0.0066,1,299.8,309.7,1556,37.7,124,6142.986499025386,9.899999999999977,4674.8
1724,0,0,0.0004,Low Risk,0,0.0042,1,298.3,307.8,1457,52.5,98,8010.275868490575,9.5,5145.0
5290,0,0,0.0014,Low Risk,0,0.0049,0,303.9,313.3,1526,40.7,164,6503.955494922853,9.400000000000034,6674.8
9986,0,0,0.2314,Low Risk,0,0.1526,1,298.8,308.6,1507,42.3,207,6675.475981833343,9.800000000000011,8756.099999999999
8670,0,0,0.0068,Low Risk,0,0.0156,0,297.5,308.9,1581,30.4,155,5033.082758463135,11.399999999999977,4712.0
7642,0,0,0.0,Low Risk,0,0.0034,1,300.4,311.4,1604,31.7,119,5324.664444618315,11.0,3772.2999999999997
2869,0,0,0.0,Low Risk,0,0.0034,0,300.8,309.7,1519,35.8,14,5694.681227358122,8.899999999999977,501.19999999999993
3722,0,0,0.0,Low Risk,0,0.0121,0,302.2,311.2,1451,41.8,66,6351.44164356658,9.0,2758.7999999999997
6703,0,0,0.0006,Low Risk,0,0.0047,1,301.5,310.7,1744,28.2,61,5150.201332588963,9.199999999999989,1720.2
4130,1,1,0.8196,High Risk,1,0.9921,0,301.9,310.4,1286,62.8,22,8457.25119926782,8.5,1381.6
8151,0,0,0.0,Low Risk,0,0.0049,0,299.5,310.7,1472,40.9,104,6304.631913028092,11.199999999999989,4253.599999999999
2277,0,0,0.0017,Low Risk,0,0.0175,2,299.3,308.7,1408,44.4,82,6546.576435256554,9.399999999999977,3640.7999999999997
7408,0,0,0.0004,Low Risk,0,0.0236,0,299.9,310.9,1292,51.1,173,6913.723896706081,11.0,8840.300000000001
8460,0,0,0.0,Low Risk,0,0.0233,0,298.7,309.9,1372,54.7,44,7859.0500701222745,11.199999999999989,2406.8
4775,0,0,0.0133,Low Risk,0,0.0032,0,303.5,312.0,1761,25.8,105,4757.8164101555985,8.5,2709.0
9548,0,0,0.0,Low Risk,0,0.0039,0,299.6,311.1,1521,37.2,131,5925.169408376493,11.5,4873.200000000001
5363,0,0,0.0,Low Risk,0,0.0042,0,303.2,312.5,1518,39.9,146,6342.687072038576,9.300000000000011,5825.4
4577,0,0,0.0,Low Risk,0,0.0031,0,303.0,311.2,1800,23.7,61,4467.344753404685,8.199999999999989,1445.7
5703,0,0,0.0013,Low Risk,0,0.0101,2,302.3,311.7,1456,45.4,130,6922.227140821798,9.399999999999977,5902.0
7078,0,0,0.0267,Low Risk,0,0.0375,0,300.7,310.5,1357,52.6,199,7474.707624882099,9.800000000000011,10467.4
3527,0,0,0.4883,Moderate Risk,0,0.4793,1,301.9,310.9,1573,38.9,209,6407.770399845444,9.0,8130.099999999999
3420,0,0,0.0006,Low Risk,0,0.0122,0,301.6,310.6,1834,23.5,146,4513.316725902217,9.0,3431.0
2086,0,0,0.1081,Low Risk,0,0.037,2,299.4,309.3,1439,49.7,9,7489.378862574364,9.900000000000034,447.3
1349,0,0,0.0214,Low Risk,0,0.0443,0,298.7,310.2,1402,45.9,30,6738.9047375093205,11.5,1377.0
3221,0,0,0.0537,Low Risk,0,0.0277,0,300.6,309.6,1423,49.1,74,7316.695986382045,9.0,3633.4
8293,0,0,0.0006,Low Risk,0,0.0044,1,298.9,310.4,1533,44.4,24,7127.771076170666,11.5,1065.6
2262,0,0,0.0004,Low Risk,0,0.0027,0,299.1,308.3,1533,42.4,48,6806.700306973788,9.199999999999989,2035.1999999999998
4502,0,0,0.0,Low Risk,0,0.0053,0,302.4,310.2,1642,28.3,88,4866.1804127534215,7.800000000000011,2490.4
4179,1,1,0.9665,High Risk,1,0.9919,0,302.4,310.9,1349,46.1,148,6512.40637916101,8.5,6822.8
4100,0,0,0.0006,Low Risk,0,0.0094,0,302.0,310.4,1895,23.2,161,4603.8993140807215,8.399999999999977,3735.2
5549,0,0,0.1237,Low Risk,0,0.1136,2,302.3,311.9,1374,52.4,154,7539.571041203215,9.599999999999966,8069.599999999999
6250,0,0,0.0,Low Risk,0,0.024,0,300.8,310.2,1520,37.7,193,6000.860847376984,9.399999999999977,7276.1
5095,0,0,0.0002,Low Risk,0,0.0082,1,304.1,313.5,1428,39.9,88,5966.638431403878,9.399999999999977,3511.2
4080,1,1,0.8722,High Risk,1,0.9915,0,302.0,310.4,1357,58.0,108,8242.073046447942,8.399999999999977,6264.0
5732,0,0,0.2075,Low Risk,0,0.4509,0,302.2,311.7,1412,44.5,204,6579.961093188702,9.5,9078.0
8908,0,0,0.0,Low Risk,0,0.004,0,297.2,308.5,1518,44.3,163,7042.131260433807,11.300000000000011,7220.9
7268,0,0,0.0,Low Risk,0,0.0054,0,300.5,310.6,1543,36.2,30,5849.289473816788,10.100000000000023,1086.0
5025,0,0,0.0,Low Risk,0,0.0024,1,303.9,313.1,1473,42.8,97,6601.994129665877,9.200000000000045,4151.599999999999
5302,0,0,0.0,Low Risk,0,0.0112,0,303.9,313.1,1491,37.2,195,5808.302161662953,9.200000000000045,7254.000000000001
1518,0,0,0.0005,Low Risk,0,0.0115,2,298.2,309.0,1371,55.7,23,7996.892683786282,10.800000000000011,1281.1000000000001
3724,0,0,0.0214,Low Risk,0,0.0121,1,302.3,311.2,1507,47.7,70,7527.664405046112,8.899999999999977,3339.0
2350,0,0,0.0,Low Risk,0,0.0054,0,299.3,308.6,1744,26.4,33,4821.465077317327,9.300000000000011,871.1999999999999
7318,0,0,0.0,Low Risk,0,0.0074,2,299.9,310.3,1535,43.9,154,7056.697778370953,10.400000000000034,6760.599999999999
4778,1,0,0.3723,Moderate Risk,1,0.6512,2,303.6,312.2,1371,54.6,112,7838.964821090324,8.599999999999966,6115.2
5830,0,0,0.0275,Low Risk,0,0.0282,1,301.3,311.2,1438,42.4,7,6384.8891333517995,9.899999999999977,296.8
8245,1,1,0.9267,High Risk,1,0.9961,1,299.0,310.3,1303,68.6,111,9360.459087174882,11.300000000000011,7614.599999999999
2945,0,0,0.0,Low Risk,0,0.0076,2,300.7,309.6,1925,20.5,9,4132.503336409573,8.900000000000034,184.5
35,0,0,0.0004,Low Risk,0,0.0277,1,298.8,309.2,1452,48.6,98,7389.779903480055,10.399999999999977,4762.8
9665,0,0,0.483,Moderate Risk,1,0.7574,0,299.2,310.3,1610,33.3,233,5614.340231230318,11.100000000000023,7758.9
5346,0,0,0.0,Low Risk,0,0.0028,0,303.4,312.7,1534,35.5,98,5702.723704551312,9.300000000000011,3479.0
663,0,0,0.0,Low Risk,0,0.0047,0,297.5,308.9,1469,44.0,185,6768.666091914329,11.399999999999977,8140.0
4619,0,0,0.0006,Low Risk,0,0.0068,2,303.1,311.3,2056,19.7,167,4241.485185562603,8.199999999999989,3289.9
7395,0,0,0.0,Low Risk,0,0.0086,1,299.7,310.6,1572,38.0,139,6255.539291827996,10.900000000000034,5282.0
5695,0,0,0.0,Low Risk,0,0.0253,0,302.4,311.8,1451,42.0,110,6381.8313165023055,9.400000000000034,4620.0
9861,0,0,0.0,Low Risk,0,0.008,1,298.7,309.6,1800,24.8,78,4674.689868541612,10.900000000000034,1934.4
5600,0,0,0.0,Low Risk,0,0.0028,0,302.8,312.1,1487,36.6,84,5699.288896583387,9.300000000000011,3074.4
8165,0,0,0.0,Low Risk,0,0.0046,0,299.6,311.0,1552,33.2,139,5395.831990197637,11.399999999999977,4614.8
966,0,0,0.0,Low Risk,0,0.0018,1,295.8,306.5,1641,32.2,101,5533.412804473846,10.699999999999989,3252.2000000000003
9662,0,1,0.5885,Moderate Risk,1,0.556,1,299.1,310.1,1570,30.9,226,5080.269480120054,11.0,6983.4
8723,0,0,0.0,Low Risk,0,0.0024,0,297.2,308.6,1578,34.4,76,5684.523411111515,11.400000000000034,2614.4
7114,0,0,0.0004,Low Risk,0,0.006,2,300.9,310.4,1457,43.8,69,6682.858724569279,9.5,3022.2
5871,0,0,0.0013,Low Risk,0,0.0062,0,301.5,311.1,1469,49.5,107,7614.749353403619,9.600000000000023,5296.5
5844,0,0,0.0,Low Risk,0,0.0042,0,301.4,311.1,1462,37.1,41,5680.02046164137,9.700000000000045,1521.1000000000001
7956,0,0,0.0,Low Risk,0,0.0054,2,300.9,311.9,1513,38.0,38,6020.757600849719,11.0,1444.0
5670,0,0,0.0299,Low Risk,0,0.1268,0,302.2,311.5,1424,45.2,39,6740.266094325877,9.300000000000011,1762.8000000000002
6266,0,0,0.0029,Low Risk,0,0.0439,0,300.8,310.4,1368,46.8,21,6704.410050172904,9.599999999999966,982.8
3436,0,0,0.0019,Low Risk,0,0.0125,0,301.5,310.5,1466,48.1,189,7384.2716443607615,9.0,9090.9
4120,1,1,0.7785,High Risk,1,0.9656,1,302.1,310.7,1376,46.3,210,6671.56993496738,8.599999999999966,9723.0
9482,0,0,0.04,Low Risk,0,0.0323,2,298.8,309.6,1309,57.4,185,7868.286352523827,10.800000000000011,10619.0
7785,0,0,0.0006,Low Risk,0,0.009,0,300.2,311.5,1383,42.1,60,6097.234438013606,11.300000000000011,2526.0
8348,0,0,0.0,Low Risk,0,0.0103,1,298.7,309.6,1452,42.7,180,6492.666705320954,10.900000000000034,7686.000000000001
4458,0,0,0.02,Low Risk,0,0.0092,0,302.6,310.4,1478,47.7,189,7382.805567789086,7.7999999999999545,9015.300000000001
6821,0,0,0.0,Low Risk,0,0.0127,1,300.8,310.6,1545,37.5,155,6067.200812245288,9.800000000000011,5812.5
1224,0,0,0.0,Low Risk,0,0.0051,0,297.1,308.3,1763,25.7,139,4744.757856692177,11.199999999999989,3572.2999999999997
8171,0,0,0.0,Low Risk,0,0.0057,2,300.0,311.4,1641,34.5,155,5928.656576221978,11.399999999999977,5347.5
2946,0,0,0.0,Low Risk,0,0.0035,1,300.7,309.5,1622,30.5,14,5180.591005524689,8.800000000000011,427.0
426,0,0,0.0097,Low Risk,0,0.0067,0,297.4,308.5,1501,44.9,20,7057.577424313958,11.100000000000023,898.0
7568,0,0,0.0017,Low Risk,0,0.0092,0,300.2,311.0,1627,33.7,147,5741.773701235433,10.800000000000011,4953.900000000001
5705,0,0,0.0,Low Risk,0,0.0099,0,302.4,311.9,1452,43.1,137,6553.4879390944525,9.5,5904.7
5034,0,0,0.0,Low Risk,0,0.0029,1,303.9,313.1,1514,41.1,121,6516.228650222877,9.200000000000045,4973.1
8799,0,0,0.0,Low Risk,0,0.0026,0,297.3,308.4,1472,41.3,67,6366.290904842548,11.099999999999966,2767.1
9620,0,0,0.0015,Low Risk,0,0.0106,0,298.9,310.0,1470,45.9,109,7065.756037188803,11.100000000000023,5003.099999999999
3895,0,0,0.0,Low Risk,0,0.0055,1,302.3,311.2,1546,40.0,71,6475.86965659976,8.899999999999977,2840.0
8827,0,0,0.0,Low Risk,0,0.005,0,297.2,308.7,1463,49.9,146,7644.929586829106,11.5,7285.4
6597,0,0,0.0268,Low Risk,0,0.01,0,301.5,310.6,1481,46.8,20,7258.210003147715,9.100000000000023,936.0
9635,0,0,0.0031,Low Risk,0,0.0108,0,299.2,310.2,1609,33.2,156,5594.003654786082,11.0,5179.200000000001
6367,0,0,0.0,Low Risk,0,0.0036,0,300.0,309.6,1571,33.1,65,5445.43773819782,9.600000000000023,2151.5
9874,0,0,0.0,Low Risk,0,0.0158,1,298.9,309.9,1449,44.1,112,6691.686599925867,11.0,4939.2
8211,0,0,0.0,Low Risk,0,0.0029,0,299.2,310.6,1675,33.3,28,5841.006141186822,11.400000000000034,932.3999999999999
3804,0,0,0.0,Low Risk,0,0.0047,0,302.3,310.9,1529,33.4,62,5347.891286303857,8.599999999999966,2070.7999999999997
6127,0,0,0.2277,Low Risk,0,0.0604,0,300.9,310.9,1228,66.4,109,8538.765056652963,10.0,7237.6
7849,1,0,0.1652,Low Risk,0,0.0731,1,300.3,311.7,1374,47.9,222,6892.0887952983585,11.399999999999977,10633.8
717,0,0,0.0,Low Risk,0,0.0036,0,297.4,308.7,1545,36.9,125,5970.125599249363,11.300000000000011,4612.5
7285,0,0,0.0202,Low Risk,0,0.0355,1,300.2,310.4,1202,61.7,74,7766.373086841376,10.199999999999989,4565.8
9236,0,0,0.0133,Low Risk,0,0.0076,0,298.1,308.7,1556,31.6,145,5149.028471331623,10.599999999999966,4582.0
2970,0,0,0.0,Low Risk,0,0.0091,1,300.6,309.4,1452,39.4,78,5990.891526689591,8.799999999999955,3073.2
2773,0,0,0.0,Low Risk,0,0.0086,0,299.9,309.4,1858,22.5,22,4377.809362777377,9.5,495.0
9259,0,0,0.0,Low Risk,0,0.0041,1,298.2,309.0,1694,28.0,5,4967.067424835702,10.800000000000011,140.0
5594,0,0,0.0,Low Risk,0,0.0067,0,302.6,311.9,1598,35.5,69,5940.646988183179,9.299999999999955,2449.5
6712,0,0,0.0,Low Risk,0,0.0058,2,301.4,310.7,1516,36.4,83,5778.687414915114,9.300000000000011,3021.2
1809,0,0,0.0,Low Risk,0,0.0054,0,298.1,307.7,1767,27.0,127,4996.074797003847,9.599999999999966,3429.0
354,0,0,0.0,Low Risk,0,0.0023,0,297.6,308.3,1658,34.3,59,5955.349641801979,10.699999999999989,2023.6999999999998
1428,0,0,0.0,Low Risk,0,0.0036,0,298.8,309.9,1568,33.7,13,5533.559412131014,11.099999999999966,438.1
2789,0,0,0.034,Low Risk,0,0.0421,2,300.3,309.5,1438,44.0,59,6625.828345931112,9.199999999999989,2596.0
6005,0,0,0.0,Low Risk,0,0.0052,0,300.6,310.5,1570,38.3,14,6296.903595100261,9.899999999999977,536.1999999999999
5988,0,0,0.38,Moderate Risk,0,0.123,2,300.7,310.8,1296,58.2,204,7898.717913361601,10.100000000000023,11872.800000000001
7423,0,0,0.3095,Moderate Risk,0,0.4585,0,300.0,311.3,1407,47.3,208,6969.214894943988,11.300000000000011,9838.4
840,0,0,0.0133,Low Risk,0,0.0138,0,296.6,307.5,1582,37.9,197,6278.766133513536,10.899999999999977,7466.299999999999
5206,0,0,0.0,Low Risk,0,0.0073,2,303.7,312.6,1711,27.6,170,4945.243827868766,8.900000000000034,4692.0
9558,0,0,0.0,Low Risk,0,0.0084,1,299.5,310.9,1577,34.6,159,5713.94966230014,11.399999999999977,5501.400000000001
9181,0,0,0.0,Low Risk,0,0.0021,0,297.9,309.1,1521,36.1,15,5749.96278608579,11.200000000000045,541.5
8539,0,0,0.0,Low Risk,0,0.0049,0,298.5,309.4,1517,40.2,45,6386.16671436426,10.899999999999977,1809.0000000000002
797,0,0,0.0,Low Risk,0,0.0023,0,296.8,307.7,1565,40.1,89,6571.845312166928,10.899999999999977,3568.9
2427,0,0,0.0,Low Risk,0,0.0039,0,298.9,308.3,1855,23.8,33,4623.272468777859,9.400000000000034,785.4
542,0,0,0.0,Low Risk,0,0.0048,0,297.5,309.4,1803,24.7,98,4663.60004647444,11.899999999999977,2420.6
3045,0,0,0.0,Low Risk,0,0.0042,0,300.2,309.4,1526,35.3,46,5641.022824834808,9.199999999999989,1623.8
3034,0,0,0.0004,Low Risk,0,0.0038,2,300.6,309.7,1470,43.8,18,6742.486153134413,9.099999999999966,788.4
20,0,0,0.014,Low Risk,0,0.0191,2,298.9,309.3,1375,42.7,58,6148.358622463024,10.400000000000034,2476.6000000000004
6526,0,0,0.0,Low Risk,0,0.0061,0,301.2,310.4,1515,38.4,51,6092.176473841327,9.199999999999989,1958.3999999999999
3951,0,0,0.0,Low Risk,0,0.0028,1,302.3,311.4,1571,32.7,17,5379.631844080626,9.099999999999966,555.9000000000001
2193,0,0,0.0,Low Risk,0,0.0086,1,299.5,308.9,1448,42.9,74,6505.107412229168,9.399999999999977,3174.6
5391,0,1,0.5918,Moderate Risk,1,0.5838,0,302.7,312.2,1572,34.4,228,5662.909253654817,9.5,7843.2
2569,0,0,0.0258,Low Risk,0,0.0178,2,299.5,309.2,1872,22.6,162,4430.39962379847,9.699999999999989,3661.2000000000003
2448,0,0,0.0,Low Risk,0,0.0086,0,299.4,308.9,1440,42.5,87,6408.849013323178,9.5,3697.5
9762,0,0,0.0,Low Risk,0,0.0092,0,298.6,309.7,1925,22.1,7,4455.040182178125,11.099999999999966,154.70000000000002
5056,0,0,0.1001,Low Risk,0,0.011,1,303.9,312.9,1430,53.5,189,8011.5848654295705,9.0,10111.5
6078,1,1,0.94,High Risk,1,0.9977,0,300.8,310.7,1339,59.1,203,8286.987349418765,9.899999999999977,11997.300000000001
7648,0,0,0.0021,Low Risk,0,0.0095,0,300.4,311.4,1552,28.8,135,4680.7217264365045,11.0,3888.0
1301,0,0,0.0395,Low Risk,0,0.0216,0,298.7,309.9,1483,32.8,142,5093.820216432538,11.199999999999989,4657.599999999999
7712,0,0,0.0,Low Risk,0,0.0046,0,300.5,311.5,1499,37.6,73,5902.256725956312,11.0,2744.8
704,0,0,0.0,Low Risk,0,0.0024,0,297.7,308.9,1516,33.7,92,5350.048513259322,11.199999999999989,3100.4
8925,0,0,0.1913,Low Risk,0,0.2341,1,297.2,308.2,1405,42.5,204,6253.078377582684,11.0,8670.0
3463,0,0,0.0,Low Risk,0,0.0099,0,301.6,310.5,1809,25.5,40,4830.669943792345,8.899999999999977,1020.0
8209,0,0,0.0268,Low Risk,0,0.0532,0,299.3,310.8,1391,46.9,21,6831.696912520852,11.5,984.9
3311,0,0,0.0029,Low Risk,0,0.0088,0,301.3,310.4,1459,44.7,92,6829.539685565387,9.099999999999966,4112.400000000001
5427,0,0,0.0273,Low Risk,0,0.0187,0,302.7,312.4,1423,51.9,60,7733.941378680816,9.699999999999989,3114.0
3503,0,0,0.002,Low Risk,0,0.0195,0,301.7,310.8,1493,47.6,145,7442.097893137837,9.100000000000023,6902.0
2939,0,0,0.01,Low Risk,0,0.0181,0,300.9,309.7,1431,41.4,199,6203.954340456052,8.800000000000011,8238.6
8262,0,0,0.0064,Low Risk,0,0.0127,0,299.1,310.6,1921,23.9,158,4807.8829250783065,11.5,3776.2
2952,0,0,0.0,Low Risk,0,0.0041,2,300.7,309.5,1667,30.5,29,5324.318869426421,8.800000000000011,884.5
274,0,0,0.0,Low Risk,0,0.0051,0,298.1,308.0,1652,28.5,63,4930.415510543821,9.899999999999977,1795.5
5547,0,0,0.0533,Low Risk,0,0.0308,1,302.3,311.7,1540,28.9,149,4660.657421355578,9.399999999999977,4306.099999999999
7144,0,0,0.0,Low Risk,0,0.0106,1,300.4,309.8,1517,40.3,149,6402.052701215912,9.400000000000034,6004.7
6645,0,0,0.0,Low Risk,0,0.0139,1,301.5,310.4,1486,39.6,144,6162.2968218694505,8.899999999999977,5702.400000000001
4031,0,0,0.2829,Moderate Risk,0,0.3049,0,302.0,310.8,1447,42.7,229,6470.309037602906,8.800000000000011,9778.300000000001
249,1,1,0.9328,High Risk,1,0.9955,0,298.0,308.3,1405,56.2,218,8268.776584003455,10.300000000000011,12251.6
6175,0,0,0.0006,Low Risk,0,0.0059,0,300.9,310.8,1517,44.3,4,7037.492175282006,9.900000000000034,177.2
706,0,0,0.0005,Low Risk,0,0.0084,1,297.8,309.0,1434,43.3,96,6502.2799788409375,11.199999999999989,4156.799999999999
8077,0,0,0.0,Low Risk,0,0.0088,0,300.3,311.8,1547,39.7,121,6431.458008453513,11.5,4803.700000000001
8971,0,0,0.0,Low Risk,0,0.0035,0,296.9,307.6,1514,35.7,100,5660.081820266587,10.700000000000045,3570.0000000000005
6887,0,0,0.0,Low Risk,0,0.0068,0,300.8,311.3,1782,26.9,116,5019.8252374649865,10.5,3120.3999999999996
1169,0,0,0.4137,Moderate Risk,1,0.5142,0,297.0,308.1,1355,43.7,217,6200.823219777974,11.100000000000023,9482.900000000001
3866,0,0,0.064,Low Risk,0,0.1314,0,302.6,311.6,1311,53.2,0,7303.700264771694,9.0,0.0
7701,0,0,0.0,Low Risk,0,0.0045,2,300.8,311.7,1468,38.7,39,5949.296839956063,10.899999999999977,1509.3000000000002
4692,0,0,0.0,Low Risk,0,0.0064,1,303.4,311.4,1606,29.6,122,4978.125830976339,8.0,3611.2000000000003
5567,0,0,0.067,Low Risk,0,0.0162,1,302.5,312.0,1445,54.8,0,8292.338528905379,9.5,0.0
9541,0,0,0.0,Low Risk,0,0.0031,1,299.5,310.8,1754,31.3,114,5749.135500020346,11.300000000000011,3568.2000000000003
9413,0,0,0.3738,Moderate Risk,1,0.6948,0,298.1,308.6,1439,44.9,205,6766.058570011849,10.5,9204.5
5897,0,0,0.0,Low Risk,0,0.0162,1,301.0,310.7,1517,40.2,171,6386.16671436426,9.699999999999989,6874.200000000001
9759,0,0,0.0,Low Risk,0,0.0022,0,298.5,309.7,1613,36.7,0,6199.1058157940115,11.199999999999989,0.0
7525,0,0,0.0097,Low Risk,0,0.0183,2,300.1,311.5,1383,49.1,33,7111.026387327032,11.399999999999977,1620.3
1568,0,0,0.0016,Low Risk,0,0.0167,0,298.2,308.2,1407,47.1,153,6939.746755853316,10.0,7206.3
482,0,0,0.0,Low Risk,0,0.003,0,297.3,309.0,1548,37.4,171,6062.771166603726,11.699999999999989,6395.4
8062,0,0,0.0198,Low Risk,0,0.0126,1,300.3,311.6,1359,54.1,81,7699.195363932115,11.300000000000011,4382.1
874,0,0,0.0,Low Risk,0,0.0047,0,295.9,306.4,1575,28.5,74,4700.608007933728,10.5,2109.0
9671,0,0,0.1623,Low Risk,0,0.0331,0,299.0,310.2,1412,44.1,246,6520.815375497118,11.199999999999989,10848.6
2081,0,0,0.0559,Low Risk,0,0.038,1,299.4,309.3,1485,47.1,209,7324.466192211923,9.900000000000034,9843.9
5591,0,0,0.0,Low Risk,0,0.0073,0,302.5,312.0,1574,33.8,63,5571.216636072043,9.5,2129.3999999999996
3345,0,0,0.0,Low Risk,0,0.0096,0,301.3,310.7,1594,34.1,172,5692.084177431155,9.399999999999977,5865.2
4794,0,0,0.0028,Low Risk,0,0.0068,0,303.6,312.6,1699,27.9,160,4963.936304157624,9.0,4464.0
3181,0,0,0.0,Low Risk,0,0.0201,0,300.2,309.4,1527,37.0,194,5916.561444505657,9.199999999999989,7178.0
2051,0,0,0.0,Low Risk,0,0.0047,1,299.4,309.2,1470,44.4,135,6834.8489771499535,9.800000000000011,5994.0
1626,0,0,0.0005,Low Risk,0,0.0097,1,297.9,307.8,1303,59.3,75,8091.475566610358,9.900000000000034,4447.5
2097,0,0,0.0024,Low Risk,0,0.018,1,299.4,309.4,1326,47.5,35,6595.77377621177,10.0,1662.5
7947,0,0,0.0102,Low Risk,0,0.0366,0,300.8,311.7,1426,45.5,16,6794.531871428884,10.899999999999977,728.0
8193,0,1,0.5237,Moderate Risk,1,0.656,0,299.5,310.8,1873,22.3,211,4373.924259862437,11.300000000000011,4705.3
3902,0,0,0.0,Low Risk,0,0.0042,0,302.2,311.1,1630,34.6,94,5905.984749238572,8.900000000000034,3252.4
8743,0,0,0.0005,Low Risk,0,0.0076,2,297.4,308.7,1323,51.1,130,7079.610460791135,11.300000000000011,6643.0
8887,0,0,0.0,Low Risk,0,0.0031,0,297.8,308.9,1530,37.6,106,6024.318072523787,11.099999999999966,3985.6000000000004
2814,0,0,0.0014,Low Risk,0,0.017,0,300.0,309.3,1395,56.5,122,8253.749299143783,9.300000000000011,6893.0
6415,0,0,0.0,Low Risk,0,0.0066,0,300.4,310.1,1503,42.2,196,6642.018020072613,9.700000000000045,8271.2
5270,0,0,0.1347,Low Risk,0,0.096,0,303.5,312.9,1275,64.4,113,8598.539092875264,9.399999999999977,7277.200000000001
9568,0,0,0.0,Low Risk,0,0.0116,0,299.8,311.1,1588,38.0,183,6319.208902940749,11.300000000000011,6954.0
6920,0,0,0.013,Low Risk,0,0.0643,1,301.2,311.6,1423,48.0,199,7152.778153693241,10.400000000000034,9552.0
1669,0,0,0.0081,Low Risk,0,0.0223,0,298.2,307.9,1544,31.4,192,5076.981279809297,9.699999999999989,6028.799999999999
8506,1,0,0.0147,Low Risk,0,0.0118,0,298.4,309.6,1710,27.3,163,4888.632328251077,11.200000000000045,4449.900000000001
9951,0,0,0.0133,Low Risk,0,0.0123,0,298.2,307.8,1355,59.4,115,8428.578930316056,9.600000000000023,6831.0
721,0,0,0.0,Low Risk,0,0.0023,0,297.5,308.9,1696,30.9,133,5487.9853747029365,11.399999999999977,4109.7
6558,0,0,0.0,Low Risk,0,0.0149,1,301.5,310.6,1447,41.9,140,6349.085449076388,9.100000000000023,5866.0
8110,0,0,0.214,Low Risk,0,0.2305,2,300.3,311.8,2141,18.5,204,4147.792420657044,11.5,3774.0
1984,0,0,0.0005,Low Risk,0,0.0226,1,298.0,307.5,1387,45.5,166,6608.706665969048,9.5,7553.0
1088,0,0,0.0012,Low Risk,0,0.0067,1,296.9,307.8,1392,43.9,0,6399.298571656264,10.900000000000034,0.0
3472,0,0,0.0009,Low Risk,0,0.0062,0,301.8,310.7,1523,43.3,60,6905.8384991455705,8.899999999999977,2598.0
9231,0,0,0.0,Low Risk,0,0.0036,0,298.2,309.1,1539,36.5,134,5882.475164214208,10.900000000000034,4891.0
8504,0,0,0.0011,Low Risk,0,0.0142,0,298.4,309.7,1419,41.3,159,6137.069832861124,11.300000000000011,6566.7
5305,0,0,0.0426,Low Risk,0,0.0231,2,303.9,313.2,1680,29.1,201,5119.539388289927,9.300000000000011,5849.1
4912,0,0,0.0,Low Risk,0,0.0027,0,303.5,312.2,1511,37.1,27,5870.390504473399,8.699999999999989,1001.7
9395,0,0,0.0,Low Risk,0,0.0054,0,297.7,308.2,1500,39.9,158,6267.477343911637,10.5,6304.2
8944,0,0,0.0,Low Risk,0,0.003,0,297.3,308.3,1471,38.2,37,5884.433423634946,11.0,1413.4
3256,0,0,0.0014,Low Risk,0,0.0098,0,301.1,309.8,1519,39.6,167,6299.144597859822,8.699999999999989,6613.2
5130,0,0,0.0065,Low Risk,0,0.0054,0,304.2,313.3,1668,35.7,180,6235.810089963453,9.100000000000023,6426.000000000001
956,0,0,0.0,Low Risk,0,0.0018,2,295.6,306.2,1632,32.2,76,5503.065019440169,10.599999999999966,2447.2000000000003
8636,0,0,0.0,Low Risk,0,0.0051,0,297.5,308.4,1723,27.3,67,4925.797369343044,10.899999999999977,1829.1000000000001
6863,0,0,0.0022,Low Risk,0,0.0099,0,301.1,311.3,1630,29.5,51,5035.44942492884,10.199999999999989,1504.5
2203,0,0,0.0,Low Risk,0,0.0029,0,299.8,309.0,1614,30.8,100,5205.744690704431,9.199999999999989,3080.0
7270,0,0,0.0,Low Risk,0,0.0095,0,300.2,310.4,1808,25.8,35,4884.799585213697,10.199999999999989,903.0
2258,0,0,0.0067,Low Risk,0,0.013,0,299.1,308.2,1319,60.3,36,8328.959027270723,9.099999999999966,2170.7999999999997
7230,0,0,0.0,Low Risk,0,0.01,0,299.8,309.8,1542,39.4,155,6362.227778343905,10.0,6107.0
2783,0,0,0.0,Low Risk,0,0.0042,1,300.2,309.6,1528,35.1,44,5616.413682381689,9.400000000000034,1544.4
4374,0,0,0.1789,Low Risk,0,0.3986,0,302.0,309.7,1551,34.8,207,5652.227838632612,7.699999999999989,7203.599999999999
5244,0,0,0.0,Low Risk,0,0.0018,0,303.6,313.0,1593,31.6,52,5271.466809017529,9.399999999999977,1643.2
4865,0,0,0.0,Low Risk,0,0.0026,1,303.5,312.3,1624,34.8,121,5918.2579045385955,8.800000000000011,4210.799999999999
6420,0,0,0.0,Low Risk,0,0.0043,0,300.3,309.9,1518,36.4,0,5786.311013087824,9.599999999999966,0.0
8115,0,0,0.0283,Low Risk,0,0.0555,0,300.4,311.8,1367,57.2,10,8188.288980218485,11.400000000000034,572.0
2023,0,0,0.0078,Low Risk,0,0.0058,0,298.7,308.5,1444,54.2,62,8195.870690489148,9.800000000000011,3360.4
3643,0,0,0.0,Low Risk,0,0.0063,0,302.3,311.6,1784,26.4,79,4932.049138723688,9.300000000000011,2085.6
939,0,0,0.0,Low Risk,0,0.0021,0,295.5,306.1,1488,40.7,31,6341.995921654788,10.600000000000023,1261.7
4627,0,0,0.0067,Low Risk,0,0.0122,1,303.0,311.2,1592,38.9,188,6485.168770854385,8.199999999999989,7313.2
2763,0,0,0.0595,Low Risk,0,0.058,0,299.8,309.2,1491,47.5,216,7416.514856962104,9.399999999999977,10260.0
7583,0,0,0.0002,Low Risk,0,0.0076,0,300.3,311.1,1480,46.6,185,7222.312071092695,10.800000000000011,8621.0
6553,0,0,0.0022,Low Risk,0,0.0338,0,301.4,310.8,1389,52.7,125,7665.517490685631,9.400000000000034,6587.5
3234,0,0,0.0,Low Risk,0,0.0037,0,300.8,309.4,1489,38.4,109,5987.6242703298585,8.599999999999966,4185.599999999999
240,0,0,0.0072,Low Risk,0,0.0113,1,298.0,308.1,1339,51.6,197,7235.339208629582,10.100000000000023,10165.2
3510,0,0,0.0081,Low Risk,0,0.0072,0,301.7,311.0,1474,42.6,164,6575.604751375724,9.300000000000011,6986.400000000001
8381,0,0,0.0,Low Risk,0,0.0038,2,298.8,310.0,1530,38.3,53,6136.472930256942,11.199999999999989,2029.8999999999999
5738,0,0,0.021,Low Risk,0,0.0958,0,302.3,311.7,1281,48.8,0,6546.325107844266,9.399999999999977,0.0
7893,0,0,0.0002,Low Risk,0,0.0039,0,300.9,312.7,1416,43.8,112,6494.802988325394,11.800000000000011,4905.599999999999
6047,0,0,0.0,Low Risk,0,0.0072,2,300.9,311.0,1853,23.6,122,4579.478667186818,10.100000000000023,2879.2000000000003
7248,0,0,0.0158,Low Risk,0,0.0236,0,300.0,310.1,1762,28.0,202,5166.453838583534,10.100000000000023,5656.0
8607,0,0,0.1499,Low Risk,0,0.2556,0,297.5,308.4,1433,50.0,218,7503.170454323622,10.899999999999977,10900.0
6052,0,0,0.0,Low Risk,0,0.0094,0,300.9,311.0,2003,20.2,138,4237.024123994506,10.100000000000023,2787.6
2903,0,0,0.0,Low Risk,0,0.0073,1,300.7,309.5,1733,26.7,108,4845.498261117289,8.800000000000011,2883.6
2599,0,0,0.0,Low Risk,0,0.0048,1,299.2,308.9,1447,39.6,22,6000.567632062649,9.699999999999989,871.2
2782,0,0,0.0,Low Risk,0,0.0047,1,300.2,309.6,1491,41.8,41,6526.533074126651,9.400000000000034,1713.8
8612,0,0,0.007,Low Risk,0,0.0107,0,297.5,308.4,1441,44.5,4,6715.1019371706225,10.899999999999977,178.0
6573,0,0,0.0044,Low Risk,0,0.0218,1,301.4,310.6,1855,25.3,178,4914.655187398313,9.200000000000045,4503.400000000001
5870,0,0,0.0,Low Risk,0,0.008,0,301.5,311.1,2055,16.8,105,3615.3448257511336,9.600000000000023,1764.0
388,0,0,0.0,Low Risk,0,0.0142,0,297.6,308.7,1455,48.2,145,7344.101146296859,11.099999999999966,6989.0
6000,0,0,0.0095,Low Risk,0,0.0137,2,300.4,310.2,1431,43.2,0,6473.691485693272,9.800000000000011,0.0
4379,0,0,0.3621,Moderate Risk,0,0.4121,1,301.8,309.5,1732,30.1,220,5459.375937604247,7.699999999999989,6622.0
7940,0,0,0.0,Low Risk,0,0.0039,1,300.7,311.7,1532,40.0,0,6417.22659373275,11.0,0.0
6138,0,0,0.0,Low Risk,0,0.0139,1,300.8,310.7,1452,43.0,139,6538.282630651077,9.899999999999977,5977.0
5663,0,0,0.0027,Low Risk,0,0.0043,1,302.3,311.5,1530,42.3,21,6777.35783158926,9.199999999999989,888.3
2134,0,0,0.0,Low Risk,0,0.0061,0,299.3,309.0,1473,46.3,146,7141.876827185283,9.699999999999989,6759.799999999999
5527,0,0,0.0,Low Risk,0,0.0072,1,302.5,311.9,1532,38.8,96,6224.709795920768,9.399999999999977,3724.7999999999997
9108,0,0,0.0,Low Risk,0,0.0046,1,297.5,308.6,1440,38.8,29,5850.90215804563,11.100000000000023,1125.1999999999998
4403,0,0,0.0321,Low Risk,0,0.0934,0,302.3,310.1,1388,49.9,48,7253.015903293779,7.800000000000011,2395.2
8524,0,0,0.001,Low Risk,0,0.0066,0,298.3,309.4,1468,46.2,10,7102.261343823518,11.099999999999966,462.0
2917,0,0,0.0,Low Risk,0,0.0066,0,300.6,309.5,1516,39.0,142,6191.450801694764,8.899999999999977,5538.0
244,0,0,0.0612,Low Risk,0,0.041,1,298.0,308.2,1395,49.1,206,7172.727267043536,10.199999999999989,10114.6
2080,0,0,0.3332,Moderate Risk,1,0.8464,0,299.3,309.2,2280,15.4,207,3676.920041761494,9.899999999999977,3187.8
6719,0,0,0.009,Low Risk,0,0.0164,1,301.4,310.6,1431,40.6,101,6084.071164795065,9.200000000000045,4100.6
2803,0,0,0.0012,Low Risk,0,0.0127,0,300.2,309.5,1343,50.2,98,7060.059282510295,9.300000000000011,4919.6
9312,0,0,0.0,Low Risk,0,0.0061,2,298.5,309.4,1573,33.6,143,5534.732273388354,10.899999999999977,4804.8
1308,0,0,0.0064,Low Risk,0,0.0087,0,298.9,310.1,1750,25.0,156,4581.4892864851145,11.200000000000045,3900.0
2672,0,0,0.0,Low Risk,0,0.0104,0,299.7,309.3,1445,42.6,0,6446.233965900896,9.600000000000023,0.0
3949,0,0,0.0162,Low Risk,0,0.0514,0,302.3,311.5,1384,50.8,13,7362.552767148943,9.199999999999989,660.4
979,0,0,0.0,Low Risk,0,0.0077,0,296.2,306.8,1389,53.3,132,7752.790934602355,10.600000000000023,7035.599999999999
3412,0,0,0.0022,Low Risk,0,0.0354,0,301.3,310.3,1313,55.6,127,7644.8353390494985,9.0,7061.2
1281,0,0,0.001,Low Risk,0,0.0133,2,298.3,309.5,1427,54.3,89,8114.325417177468,11.199999999999989,4832.7
6450,0,0,0.01,Low Risk,0,0.032,0,300.6,310.2,1378,47.3,71,6825.570806846351,9.599999999999966,3358.2999999999997
4059,0,0,0.0004,Low Risk,0,0.0092,0,301.9,310.8,1465,44.3,57,6796.259747388358,8.900000000000034,2525.1
3786,0,0,0.0,Low Risk,0,0.0048,0,302.3,310.9,1587,36.6,20,6082.563200321342,8.599999999999966,732.0
1959,0,0,0.0005,Low Risk,0,0.0055,1,297.8,307.6,1352,49.4,102,6994.106780735932,9.800000000000011,5038.8
42,0,0,0.0005,Low Risk,0,0.0067,1,298.8,309.1,1368,49.1,117,7033.900287681403,10.300000000000011,5744.7
5325,0,0,0.0,Low Risk,0,0.0033,0,303.5,312.7,1694,27.3,40,4842.89073921481,9.199999999999989,1092.0
8447,0,0,0.1278,Low Risk,0,0.09,0,298.6,310.1,1439,49.9,17,7519.5172080978,11.5,848.3
6449,0,0,0.0027,Low Risk,0,0.0069,0,300.6,310.2,1519,44.6,69,7094.491137993639,9.599999999999966,3077.4
5878,0,0,0.005,Low Risk,0,0.0085,0,301.4,311.0,1533,45.8,125,7352.520614608479,9.600000000000023,5725.0
9452,0,0,0.0005,Low Risk,0,0.0108,1,298.0,308.7,1392,53.4,104,7784.112613358646,10.699999999999989,5553.599999999999
7162,0,0,0.0002,Low Risk,0,0.0159,0,300.2,310.2,1378,43.9,193,6334.937810159721,10.0,8472.699999999999
6930,0,0,0.0,Low Risk,0,0.0071,1,300.9,311.5,1836,21.8,12,4191.387254713359,10.600000000000023,261.6
5357,0,0,0.0,Low Risk,0,0.0038,0,303.3,312.5,1968,20.6,130,4245.422648355103,9.199999999999989,2678.0
3935,1,1,0.9198,High Risk,1,0.9937,1,302.6,311.6,1227,68.2,187,8763.095716070298,9.0,12753.4
5046,0,0,0.0016,Low Risk,0,0.0099,1,304.1,313.2,1410,42.4,155,6260.565840073739,9.099999999999966,6572.0
6360,0,0,0.0,Low Risk,0,0.0102,0,300.1,309.7,1441,40.1,46,6051.136801809932,9.599999999999966,1844.6000000000001
2250,0,0,0.0067,Low Risk,0,0.0088,1,299.2,308.4,1396,48.7,13,7119.393495761093,9.199999999999989,633.1
870,0,0,0.0,Low Risk,0,0.0098,0,295.8,306.4,1325,56.2,65,7797.956564985465,10.599999999999966,3653.0
552,0,0,0.0,Low Risk,0,0.0022,1,297.4,309.3,1622,35.0,123,5944.940498143085,11.900000000000034,4305.0
1307,0,0,0.0013,Low Risk,0,0.0138,0,298.8,310.0,1423,42.1,154,6273.582505635113,11.199999999999989,6483.400000000001
7782,0,0,0.0,Low Risk,0,0.0031,1,300.4,311.6,1518,36.4,53,5786.311013087824,11.200000000000045,1929.1999999999998
1543,0,0,0.0,Low Risk,0,0.0022,0,298.4,308.9,1628,34.9,93,5949.883270584733,10.5,3245.7
4015,0,0,0.0,Low Risk,0,0.0083,0,302.1,310.9,1477,41.4,184,6403.382642105931,8.799999999999955,7617.599999999999
8090,0,0,0.0137,Low Risk,0,0.0135,0,300.1,311.4,1910,23.0,153,4600.338842406653,11.299999999999955,3519.0
8520,0,0,0.02,Low Risk,0,0.0062,1,298.3,309.5,1543,49.9,199,8062.970849266787,11.199999999999989,9930.1
6236,0,0,0.0,Low Risk,0,0.0111,1,301.3,310.9,1512,36.9,159,5842.608353440153,9.599999999999966,5867.099999999999
9337,0,0,0.3985,Moderate Risk,0,0.3657,2,298.5,308.9,1500,40.3,207,6330.309196983432,10.399999999999977,8342.099999999999
287,0,0,0.0,Low Risk,0,0.0021,0,298.2,308.3,1805,31.6,96,5973.005392515153,10.100000000000023,3033.6000000000004
9008,0,0,0.0,Low Risk,0,0.0077,1,297.4,308.0,1440,42.4,190,6393.769368585947,10.600000000000023,8056.0
7641,0,0,0.0096,Low Risk,0,0.0331,1,300.4,311.4,1352,57.3,116,8112.597541217993,11.0,6646.799999999999
6548,0,0,0.0,Low Risk,0,0.0082,0,301.4,310.8,1770,24.1,112,4467.030594139326,9.400000000000034,2699.2000000000003
1780,0,0,0.0,Low Risk,0,0.0021,0,298.5,308.2,1595,32.3,46,5395.00470413219,9.699999999999989,1485.8
1892,0,0,0.0005,Low Risk,0,0.0116,1,297.8,307.4,1438,43.6,141,6565.593542786285,9.599999999999966,6147.6
7407,0,0,0.0024,Low Risk,0,0.0494,2,299.8,310.9,1427,47.2,168,7053.336274231613,11.099999999999966,7929.6
2388,0,0,0.0,Low Risk,0,0.0048,1,299.2,308.5,1526,37.3,135,5960.62751746001,9.300000000000011,5035.5
962,0,0,0.0,Low Risk,0,0.002,1,295.8,306.6,1480,43.2,92,6695.362263330568,10.800000000000011,3974.4
470,0,0,0.0067,Low Risk,0,0.0028,2,297.3,308.8,1499,44.2,134,6938.291151257154,11.5,5922.8
5184,0,0,0.0002,Low Risk,0,0.0095,0,304.0,313.0,1397,42.4,113,6202.844311051783,9.0,4791.2
1064,0,0,0.0005,Low Risk,0,0.0133,1,296.8,307.9,1409,44.3,145,6536.470978887507,11.099999999999966,6423.5
3248,0,0,0.0067,Low Risk,0,0.008,1,301.0,309.7,1511,39.3,146,6218.499914442172,8.699999999999989,5737.799999999999
2861,0,0,0.1307,Low Risk,0,0.0711,0,300.7,309.5,1479,43.6,240,6752.7905770381885,8.800000000000011,10464.0
101,0,0,0.0,Low Risk,0,0.0063,0,298.8,308.8,1991,20.7,59,4315.888571575121,10.0,1221.3
4258,1,1,0.8798,High Risk,1,0.9885,1,302.7,311.1,1297,60.7,125,8244.366409085063,8.400000000000034,7587.5
3499,0,0,0.0135,Low Risk,0,0.0237,0,301.9,311.0,1353,43.8,130,6205.839296048204,9.100000000000023,5694.0
8389,0,0,0.0,Low Risk,0,0.0061,0,298.8,309.9,1525,39.7,77,6339.995774332002,11.099999999999966,3056.9
3523,0,0,0.0121,Low Risk,0,0.0225,0,301.8,310.9,1521,39.3,197,6259.654778204198,9.099999999999966,7742.099999999999
4641,0,0,0.1819,Low Risk,0,0.2161,2,303.1,311.3,1494,42.7,221,6680.471114152551,8.199999999999989,9436.7
1999,0,0,0.0,Low Risk,0,0.003,0,298.4,308.0,1540,37.8,7,6095.946385025633,9.600000000000023,264.59999999999997
433,0,0,0.0,Low Risk,0,0.0035,1,297.6,308.5,1848,23.7,37,4586.473946828811,10.899999999999977,876.9
8688,0,0,0.0538,Low Risk,0,0.0396,0,297.1,308.5,1483,46.9,203,7283.54171191116,11.399999999999977,9520.699999999999
2640,0,0,0.0005,Low Risk,0,0.0244,1,299.9,309.5,1372,56.2,133,8074.563326158534,9.600000000000023,7474.6
4064,0,0,0.0292,Low Risk,0,0.012,0,301.9,310.7,1480,47.1,68,7299.804689881243,8.800000000000011,3202.8
1981,0,0,0.0067,Low Risk,0,0.0352,0,298.0,307.6,1385,45.0,158,6526.658737832795,9.600000000000023,7110.0
6674,0,1,0.6456,Moderate Risk,1,0.647,0,301.5,310.7,1618,35.5,218,6014.998014318137,9.199999999999989,7739.0
8091,0,0,0.0016,Low Risk,0,0.0221,0,300.2,311.6,1375,56.9,155,8193.01184117438,11.400000000000034,8819.5
6029,0,0,0.0937,Low Risk,0,0.0398,1,300.7,310.8,1452,47.9,77,7283.342744376433,10.100000000000023,3688.2999999999997
8269,0,0,0.0015,Low Risk,0,0.0051,2,299.2,310.8,1761,30.4,180,5606.1092584779135,11.600000000000023,5472.0
281,0,0,0.0,Low Risk,0,0.0031,0,298.1,308.0,1626,36.5,83,6215.012746596687,9.899999999999977,3029.5
5313,0,0,0.0,Low Risk,0,0.0017,1,303.7,312.9,1566,32.6,9,5346.111050466823,9.199999999999989,293.40000000000003
684,0,0,0.0006,Low Risk,0,0.003,0,297.7,309.0,1538,43.2,30,6957.748081758387,11.300000000000011,1296.0
1853,0,0,0.0,Low Risk,0,0.0026,0,297.6,307.2,1486,40.6,42,6317.910377977265,9.599999999999966,1705.2
3725,0,0,0.0,Low Risk,0,0.0049,2,302.3,311.1,1543,37.5,73,6059.346830611314,8.800000000000011,2737.5
1502,0,0,0.0299,Low Risk,0,0.0491,0,298.0,308.7,1462,48.2,204,7379.433591674233,10.699999999999989,9832.800000000001
5840,0,0,0.0,Low Risk,0,0.0121,1,301.3,311.1,1581,30.9,31,5115.863724885226,9.800000000000011,957.9
9885,0,0,0.0021,Low Risk,0,0.0131,0,298.8,309.6,1613,27.7,143,4678.88913072191,10.800000000000011,3961.1
1755,0,0,0.0054,Low Risk,0,0.0162,0,298.0,307.3,1424,46.5,185,6934.123305003391,9.300000000000011,8602.5
789,0,0,0.0,Low Risk,0,0.0023,1,296.9,308.0,1641,33.3,67,5722.442434440343,11.100000000000023,2231.1
7385,0,0,0.0085,Low Risk,0,0.0339,1,299.8,310.5,1375,53.9,110,7761.042851305784,10.699999999999989,5929.0
1850,0,0,0.0075,Low Risk,0,0.0081,1,297.7,307.2,1372,52.8,33,7586.066612476344,9.5,1742.3999999999999
7966,0,0,0.0,Low Risk,0,0.0016,0,301.0,312.2,1602,35.9,67,6022.621612490848,11.199999999999989,2405.2999999999997
9127,0,0,0.0,Low Risk,0,0.0054,0,297.4,308.5,1761,27.2,76,5015.992494427607,11.100000000000023,2067.2
7602,0,0,0.0006,Low Risk,0,0.005,0,300.4,311.2,1705,28.7,20,5124.304137147871,10.800000000000011,574.0
7915,0,0,0.0,Low Risk,0,0.0038,2,300.8,312.1,1527,35.1,164,5612.738018976988,11.300000000000011,5756.400000000001
1567,0,0,0.0,Low Risk,0,0.0063,0,298.1,308.2,1521,39.3,151,6259.654778204198,10.099999999999966,5934.299999999999
7046,0,0,0.0,Low Risk,0,0.0122,1,300.7,310.5,1863,22.2,111,4331.0624640919605,9.800000000000011,2464.2
4222,0,0,0.0067,Low Risk,0,0.0058,1,302.0,310.6,1535,38.6,34,6204.750210594961,8.600000000000023,1312.4
734,0,0,0.0072,Low Risk,0,0.0111,2,297.0,308.4,1305,54.6,168,7461.596711541118,11.399999999999977,9172.800000000001
9554,0,0,0.0017,Low Risk,0,0.0988,1,299.3,310.7,1440,45.5,146,6861.238355440108,11.399999999999977,6643.0
7253,0,1,0.583,Moderate Risk,1,0.6282,0,300.3,310.5,1522,39.1,217,6231.893571121977,10.199999999999989,8484.7
1217,0,0,0.0,Low Risk,0,0.0048,0,297.0,308.1,1455,43.5,122,6627.975100911066,11.100000000000023,5307.0
7527,0,0,0.1086,Low Risk,0,0.0088,0,300.1,311.3,1470,45.2,40,6957.999409170673,11.199999999999989,1808.0
5642,0,0,0.0,Low Risk,0,0.0233,0,302.5,312.0,1495,38.8,186,6074.374115470983,9.5,7216.799999999999
8901,0,0,0.0,Low Risk,0,0.0062,0,297.3,308.6,1446,50.1,144,7586.380771741705,11.300000000000011,7214.400000000001
7459,0,0,0.0,Low Risk,0,0.0022,0,300.0,311.5,1591,32.0,79,5331.492172652118,11.5,2528.0
6942,0,0,0.0,Low Risk,0,0.0076,1,300.8,311.4,1732,26.9,45,4878.977166829044,10.599999999999966,1210.5
8030,0,0,0.0,Low Risk,0,0.0031,0,300.6,312.0,1490,42.2,3,6584.568762413967,11.399999999999977,126.60000000000001
568,0,0,0.0133,Low Risk,0,0.0061,0,297.8,309.7,1935,22.1,171,4478.18324805957,11.899999999999977,3779.1000000000004
8625,0,0,0.0,Low Risk,0,0.0023,0,297.4,308.3,1632,33.5,39,5725.238451902039,10.900000000000034,1306.5
1600,0,0,0.0006,Low Risk,0,0.0022,1,297.8,307.8,1543,43.7,8,7061.158839939051,10.0,349.6
4760,0,0,0.0,Low Risk,0,0.0071,0,303.6,311.7,1546,38.5,64,6233.024544477269,8.099999999999966,2464.0
9583,0,0,0.0002,Low Risk,0,0.0215,0,299.3,310.5,1281,59.8,15,8021.931177235393,11.199999999999989,897.0
1096,0,0,0.0,Low Risk,0,0.0026,0,297.0,307.6,1680,35.8,20,6298.264951916816,10.600000000000023,716.0
6135,0,0,0.0036,Low Risk,0,0.0061,0,301.0,310.9,1740,28.9,129,5265.937605947211,9.899999999999977,3728.1
2433,0,0,0.0,Low Risk,0,0.0079,0,299.0,308.3,1441,44.0,48,6639.651353606908,9.300000000000011,2112.0
8849,0,0,0.0,Low Risk,0,0.0039,0,297.5,308.9,1596,30.7,5,5130.974785548993,11.399999999999977,153.5
7617,0,0,0.0025,Low Risk,0,0.0076,0,300.5,311.4,1556,45.3,58,7381.360435168433,10.899999999999977,2627.3999999999996
7056,0,0,0.0013,Low Risk,0,0.0318,1,300.8,310.5,1409,50.6,141,7466.036829158192,9.699999999999989,7134.6
3477,0,0,0.0004,Low Risk,0,0.0062,0,301.8,310.7,1547,41.7,72,6755.46093079374,8.899999999999977,3002.4
1341,0,0,0.0076,Low Risk,0,0.0087,1,298.6,310.2,1328,50.5,12,7022.925657344863,11.599999999999966,606.0
9160,0,0,0.0149,Low Risk,0,0.0108,2,297.5,308.5,1671,28.0,158,4899.627902538641,11.0,4424.0
9204,0,0,0.0,Low Risk,0,0.0024,0,297.8,308.8,1621,36.1,68,6128.001102067763,11.0,2454.8
1370,0,0,0.0,Low Risk,0,0.0036,0,298.7,310.3,1451,40.0,86,6077.934587145053,11.600000000000023,3440.0
9381,0,0,0.0,Low Risk,0,0.0027,1,297.5,308.1,1480,42.4,112,6571.374073268889,10.600000000000023,4748.8
7163,0,0,0.0054,Low Risk,0,0.0167,1,300.1,310.1,1501,39.3,195,6177.3450506801455,10.0,7663.499999999999
9313,0,0,0.0144,Low Risk,0,0.0722,0,298.5,309.4,1418,45.1,148,6697.016835461458,10.899999999999977,6674.8
9982,0,0,0.0,Low Risk,0,0.0058,1,298.7,308.4,1507,45.7,192,7212.039063115457,9.699999999999989,8774.400000000001
2911,0,0,0.0272,Low Risk,0,0.0127,1,300.7,309.5,1352,44.0,126,6229.56879255832,8.800000000000011,5544.0
9763,0,0,0.0067,Low Risk,0,0.0089,1,298.6,309.6,1635,29.7,9,5085.138948733118,11.0,267.3
8364,0,0,0.0062,Low Risk,0,0.0268,0,298.9,309.8,1396,49.0,13,7163.250129205207,10.900000000000034,637.0
2263,0,0,0.0006,Low Risk,0,0.0027,1,299.2,308.4,1529,43.0,50,6885.00973985227,9.199999999999989,2150.0
4437,0,0,0.0,Low Risk,0,0.0048,0,302.4,310.2,1578,31.2,139,5155.730535659281,7.800000000000011,4336.8
2936,0,0,0.0005,Low Risk,0,0.0207,1,300.9,309.7,1394,48.8,192,7123.791725476119,8.800000000000011,9369.599999999999
5568,0,0,0.0,Low Risk,0,0.0022,0,302.5,312.1,1534,38.6,3,6200.708028047342,9.600000000000023,115.80000000000001
417,0,0,0.0846,Low Risk,0,0.2266,0,297.4,308.4,1394,50.1,213,7313.564865703967,11.0,10671.300000000001
267,0,0,0.0,Low Risk,0,0.0053,0,297.9,308.0,1954,21.1,42,4317.532671730501,10.100000000000023,886.2
825,0,0,0.0,Low Risk,0,0.0049,0,296.6,307.3,1474,40.0,158,6174.27676185514,10.699999999999989,6320.0
5345,0,0,0.0,Low Risk,0,0.0027,0,303.5,312.8,1524,39.4,96,6287.960528013043,9.300000000000011,3782.3999999999996
157,0,0,0.2158,Low Risk,0,0.1209,2,298.4,308.2,1478,43.5,206,6732.747215908285,9.800000000000011,8961.0
4363,0,0,0.0073,Low Risk,0,0.0079,2,302.1,310.1,1844,24.6,171,4750.339419640054,8.0,4206.6
2842,0,0,0.02,Low Risk,0,0.0236,0,300.3,309.3,1345,53.5,192,7535.3717790229175,9.0,10272.0
4806,0,0,0.1071,Low Risk,0,0.0895,2,303.6,312.5,1375,54.0,186,7775.441817634738,8.899999999999977,10044.0
3456,0,0,0.0,Low Risk,0,0.0052,2,301.4,310.4,1610,38.6,16,6507.913901666376,9.0,617.6
9676,0,0,0.0,Low Risk,0,0.0115,0,299.0,310.1,1886,21.2,13,4187.03091290038,11.100000000000023,275.59999999999997
3065,0,0,0.0067,Low Risk,0,0.0107,1,300.1,309.2,1687,27.7,95,4893.5436847661895,9.099999999999966,2631.5
6612,0,0,0.4605,Moderate Risk,0,0.0812,0,301.6,310.6,1222,70.0,62,8957.727852935697,9.0,4340.0
4113,0,0,0.4519,Moderate Risk,1,0.908,0,302.0,310.6,1325,55.3,192,7673.078257005271,8.600000000000023,10617.599999999999
1368,0,0,0.0,Low Risk,0,0.0091,2,298.8,310.3,1708,27.1,78,4847.142361272668,11.5,2113.8
9542,0,0,0.0006,Low Risk,0,0.006,0,299.6,310.9,1716,28.5,117,5121.42434388208,11.299999999999955,3334.5
4701,0,0,0.0067,Low Risk,0,0.008,2,303.5,311.7,1584,32.7,143,5424.148211981993,8.199999999999989,4676.1
6727,0,0,0.0,Low Risk,0,0.0097,0,301.5,310.8,1785,25.5,120,4766.581453659113,9.300000000000011,3060.0
4661,1,1,0.9931,High Risk,1,0.9891,0,303.3,311.3,1350,48.1,32,6799.977298695107,8.0,1539.2
803,0,0,0.0,Low Risk,0,0.0039,2,296.9,307.8,1549,37.8,104,6131.572045717342,10.900000000000034,3931.2
1007,0,0,0.0,Low Risk,0,0.0016,1,296.2,307.2,1633,31.1,0,5318.328899433577,11.0,0.0
233,0,0,0.0067,Low Risk,0,0.0067,0,298.2,308.4,1512,34.9,181,5525.935813958302,10.199999999999989,6316.9
1996,1,0,0.0139,Low Risk,0,0.0269,1,298.4,308.0,1416,38.2,198,5664.417218128541,9.600000000000023,7563.6
6155,0,0,0.0,Low Risk,0,0.0083,0,301.0,311.0,1634,31.2,182,5338.69689180435,10.0,5678.4
8895,0,0,0.0,Low Risk,0,0.0033,2,297.4,308.6,1461,40.1,126,6135.122045415899,11.200000000000045,5052.6
9126,0,0,0.0,Low Risk,0,0.0026,0,297.4,308.5,1477,40.7,74,6295.112887287715,11.100000000000023,3011.8
945,0,0,0.0008,Low Risk,0,0.0043,1,295.7,306.3,1347,50.4,46,7109.298511367559,10.600000000000023,2318.4
5012,0,0,0.0006,Low Risk,0,0.0018,1,303.8,312.9,1815,27.8,66,5283.844684072673,9.099999999999966,1834.8
8976,0,0,0.0,Low Risk,0,0.0022,0,296.7,307.4,1535,34.6,114,5561.77091416025,10.699999999999989,3944.4
5164,0,0,0.0,Low Risk,0,0.0019,1,304.3,313.4,1624,32.1,53,5459.0827222899115,9.099999999999966,1701.3000000000002
7404,0,0,0.0017,Low Risk,0,0.01,0,299.8,310.8,1553,32.2,161,5236.678906366778,11.0,5184.200000000001
6563,0,0,0.0006,Low Risk,0,0.0169,0,301.5,310.7,1942,20.5,155,4168.998171068775,9.199999999999989,3177.5
4001,0,0,0.0,Low Risk,0,0.0102,2,302.1,311.2,1598,37.9,148,6342.268193018098,9.099999999999966,5609.2
6803,0,0,0.0019,Low Risk,0,0.0168,1,301.1,310.7,1367,43.4,111,6212.79268778815,9.599999999999966,4817.4
108,0,0,0.0,Low Risk,0,0.002,2,298.9,308.8,1621,32.7,75,5550.84864370127,9.900000000000034,2452.5
2750,0,0,0.0067,Low Risk,0,0.0174,2,299.7,309.2,1456,40.6,182,6190.361716241519,9.5,7389.2
1670,0,0,0.0081,Low Risk,0,0.0232,0,298.2,307.8,1528,31.1,194,4976.366539090328,9.600000000000023,6033.400000000001
3047,0,0,0.0,Low Risk,0,0.005,0,300.2,309.4,1558,38.3,51,6248.774395647265,9.199999999999989,1953.3
1403,0,0,0.0018,Low Risk,0,0.0265,0,299.0,310.2,1372,48.0,174,6896.424193160314,11.199999999999989,8352.0
8285,0,0,0.0035,Low Risk,0,0.0137,0,298.9,310.6,1387,52.7,2,7654.480028496019,11.700000000000045,105.4
3765,0,0,0.0334,Low Risk,0,0.0203,1,302.4,311.1,1443,51.8,178,7827.529423831255,8.700000000000045,9220.4
2703,0,0,0.0005,Low Risk,0,0.0188,1,299.8,309.2,1372,58.2,65,8361.914334206882,9.399999999999977,3783.0
9488,0,0,0.1987,Low Risk,0,0.323,1,298.9,309.6,1567,34.5,204,5661.3070414014865,10.700000000000045,7038.0
6586,0,0,0.4203,Moderate Risk,0,0.3235,0,301.5,310.6,1453,44.0,208,6694.943384310088,9.100000000000023,9152.0
5096,0,0,0.0,Low Risk,0,0.0019,2,304.2,313.5,1627,32.2,91,5486.205138865904,9.300000000000011,2930.2000000000003
3851,0,0,0.0319,Low Risk,0,0.14,2,302.2,310.9,1415,48.4,185,7171.837149125019,8.699999999999989,8954.0
1364,0,0,0.0,Low Risk,0,0.0031,0,298.7,310.2,1566,33.1,68,5428.1066187255165,11.5,2250.8
4351,0,0,0.0067,Low Risk,0,0.0243,0,301.8,309.6,1432,43.7,138,6553.194723780117,7.800000000000011,6030.6
7992,0,0,0.0,Low Risk,0,0.0025,1,301.1,312.3,1852,25.9,131,5023.071549873695,11.199999999999989,3392.8999999999996
9626,0,0,0.0021,Low Risk,0,0.0362,1,299.0,310.0,1341,58.9,126,8271.279386150814,11.0,7421.4
5877,0,0,0.0,Low Risk,0,0.0043,0,301.5,311.1,1458,41.4,123,6321.010082728807,9.600000000000023,5092.2
6767,0,0,0.0,Low Risk,0,0.0048,0,301.3,310.9,1509,41.7,16,6589.522006831127,9.599999999999966,667.2
3453,0,0,0.0352,Low Risk,0,0.0261,0,301.5,310.4,1425,54.4,7,8117.875416876025,8.899999999999977,380.8
8666,0,0,0.0,Low Risk,0,0.0139,0,297.5,308.7,1407,42.5,145,6261.979556767855,11.199999999999989,6162.5
6020,0,0,0.0,Low Risk,0,0.0048,0,300.7,310.8,1619,34.9,57,5916.990795501648,10.100000000000023,1989.3
2101,0,0,0.0,Low Risk,0,0.0055,0,299.3,309.3,1528,37.8,45,6048.445504103356,10.0,1700.9999999999998
794,0,0,0.0,Low Risk,0,0.0022,2,296.9,307.9,1547,32.6,79,5281.247634145706,11.0,2575.4
5522,0,0,0.0,Low Risk,0,0.0096,0,302.6,311.9,1453,39.1,84,5949.370143784647,9.299999999999955,3284.4
1338,0,0,0.0,Low Risk,0,0.0073,0,298.6,310.1,1721,27.2,5,4902.057400857417,11.5,136.0
4450,0,0,0.0,Low Risk,0,0.0092,0,302.5,310.3,1551,37.3,168,6058.278689109092,7.800000000000011,6266.4
4904,0,0,0.01,Low Risk,0,0.0031,2,303.6,312.4,1480,50.7,2,7857.751545158791,8.799999999999955,101.4
6730,0,0,0.0007,Low Risk,0,0.015,1,301.6,311.0,1431,42.3,129,6338.82291307466,9.399999999999977,5456.7
8654,0,0,0.0,Low Risk,0,0.0124,1,297.4,308.4,1441,46.8,116,7062.174621563711,11.0,5428.799999999999
8975,0,0,0.0,Low Risk,0,0.002,2,296.7,307.4,1661,34.2,109,5948.731353278417,10.699999999999989,3727.8
1235,0,0,0.0,Low Risk,0,0.0039,2,297.1,308.4,1654,31.4,171,5438.683313992601,11.299999999999955,5369.4
5121,0,0,0.0,Low Risk,0,0.0036,0,304.2,313.6,1469,40.0,154,6153.332810831208,9.400000000000034,6160.0
4034,1,0,0.3689,Moderate Risk,0,0.2198,0,302.0,310.8,1615,29.0,235,4904.549731029265,8.800000000000011,6815.0
386,0,0,0.0,Low Risk,0,0.0076,0,297.6,308.7,1319,50.9,141,7030.580671444109,11.099999999999966,7176.9
5726,0,0,0.0187,Low Risk,0,0.0308,1,302.4,311.9,1398,50.1,188,7334.550704629946,9.5,9418.800000000001
3683,0,0,0.0014,Low Risk,0,0.0249,1,302.0,311.2,1558,39.1,179,6379.29709842841,9.199999999999989,6998.900000000001
3194,0,0,0.0027,Low Risk,0,0.0076,0,300.0,309.0,1454,51.7,2,7871.9724879040405,9.0,103.4
6149,0,0,0.0013,Low Risk,0,0.0545,1,301.0,311.1,1420,47.4,167,7048.477277594059,10.100000000000023,7915.8
5129,0,0,0.0006,Low Risk,0,0.0048,1,304.1,313.3,1725,28.3,177,5112.1566455539905,9.199999999999989,5009.1
5620,0,0,0.0,Low Risk,0,0.0035,0,303.0,312.3,1533,38.5,134,6180.612307039879,9.300000000000011,5159.0
3686,0,0,0.0202,Low Risk,0,0.0375,0,302.0,311.1,1406,50.5,187,7435.416772761202,9.100000000000023,9443.5
2534,0,0,0.0,Low Risk,0,0.0051,0,298.9,308.7,1729,26.6,73,4816.208145610321,9.800000000000011,1941.8000000000002
2943,0,0,0.0,Low Risk,0,0.0069,2,300.7,309.5,2007,19.7,2,4140.399205945596,8.800000000000011,39.4
3450,0,0,0.1403,Low Risk,0,0.1017,0,301.6,310.6,1506,43.4,222,6844.5250825230105,9.0,9634.8
5503,0,0,0.0283,Low Risk,0,0.0081,2,302.6,312.0,1657,29.3,37,5084.154583034993,9.399999999999977,1084.1000000000001
140,0,0,0.0,Low Risk,0,0.005,0,298.8,308.6,1511,36.1,157,5712.158954487593,9.800000000000011,5667.7
6347,0,0,0.0012,Low Risk,0,0.0342,0,300.2,309.7,1421,44.6,17,6636.782032316629,9.5,758.2
5268,0,0,0.0369,Low Risk,0,0.0151,0,303.4,312.9,1389,54.1,109,7869.155526491322,9.5,5896.900000000001
9458,0,0,0.0,Low Risk,0,0.0091,0,298.4,309.1,1417,40.6,121,6024.548455985051,10.700000000000045,4912.6
6506,0,0,0.2701,Moderate Risk,0,0.3467,2,301.0,310.1,1454,44.1,217,6714.7773059297515,9.100000000000023,9569.7
1108,0,0,0.0009,Low Risk,0,0.003,0,296.6,307.4,1504,45.8,58,7213.431835858547,10.799999999999955,2656.3999999999996
6639,0,0,0.0126,Low Risk,0,0.0378,0,301.4,310.5,1380,48.4,131,6994.441883952315,9.100000000000023,6340.4
977,0,0,0.0,Low Risk,0,0.0054,0,296.0,306.7,1917,21.0,127,4215.703181852144,10.699999999999989,2667.0
7580,0,0,0.0069,Low Risk,0,0.0094,0,300.4,311.3,1495,51.2,175,8015.668935879237,10.900000000000034,8960.0
420,0,0,0.0412,Low Risk,0,0.0128,1,297.3,308.3,1301,39.6,5,5395.119895862823,11.0,198.0
1861,0,0,0.0,Low Risk,0,0.0083,1,297.9,307.6,1609,30.3,64,5105.370805422237,9.700000000000045,1939.2
9104,0,0,0.001,Low Risk,0,0.004,1,297.4,308.3,1550,47.8,18,7758.686656815592,10.900000000000034,860.4
2456,0,0,0.0,Low Risk,0,0.0027,0,299.1,308.6,1555,36.6,104,5959.915423125196,9.5,3806.4
9431,0,0,0.0278,Low Risk,0,0.0384,0,298.0,308.6,1430,57.0,43,8535.707239803467,10.600000000000023,2451.0
3597,0,0,0.0015,Low Risk,0,0.0099,1,301.7,310.5,1724,33.0,171,5957.716308267683,8.800000000000011,5643.0
4671,0,0,0.0004,Low Risk,0,0.004,0,303.3,311.4,1511,43.4,65,6867.249269383976,8.099999999999966,2821.0
4758,0,0,0.0118,Low Risk,0,0.0065,0,303.5,311.6,1465,48.7,60,7471.2832888896855,8.100000000000023,2922.0
9476,0,0,0.0015,Low Risk,0,0.0062,1,298.8,309.6,1692,31.9,167,5652.227838632612,10.800000000000011,5327.3
3328,0,0,0.0002,Low Risk,0,0.0193,0,301.6,310.6,1418,43.9,129,6518.825700149844,9.0,5663.099999999999
8313,0,0,0.0123,Low Risk,0,0.0108,1,298.8,310.0,1484,44.9,80,6977.644835231121,11.199999999999989,3592.0
653,0,0,0.0031,Low Risk,0,0.0103,0,297.8,309.3,2015,20.1,161,4241.3071619789,11.5,3236.1000000000004
5883,0,0,0.0,Low Risk,0,0.0068,0,301.4,311.1,1800,26.0,135,4900.884539600077,9.700000000000045,3510.0
2519,0,0,0.0,Low Risk,0,0.002,0,298.8,308.6,1631,32.4,38,5533.852627445348,9.800000000000011,1231.2
3176,0,0,0.0,Low Risk,0,0.032,0,300.3,309.6,1435,45.4,181,6822.387326290714,9.300000000000011,8217.4
4700,0,0,0.0,Low Risk,0,0.0047,0,303.5,311.7,1620,31.0,141,5259.026102109314,8.199999999999989,4371.0
8320,0,0,0.0,Low Risk,0,0.0319,1,298.8,309.7,1453,47.7,101,7257.927259808892,10.899999999999977,4817.700000000001
4342,1,1,0.9863,High Risk,1,0.9966,1,301.7,309.8,1284,68.2,111,9170.183292122463,8.100000000000023,7570.200000000001
4525,0,0,0.0,Low Risk,0,0.0048,1,302.4,310.4,1463,42.2,139,6465.251073430627,8.0,5865.8
9858,0,0,0.0,Low Risk,0,0.0038,0,298.5,309.5,1547,33.1,68,5362.248364730763,11.0,2250.8
1183,0,0,0.0,Low Risk,0,0.0028,0,297.3,308.4,1513,40.5,25,6416.860074589832,11.099999999999966,1012.5
2801,0,0,0.02,Low Risk,0,0.0085,1,300.2,309.5,1642,28.8,92,4952.155331706663,9.300000000000011,2649.6
5819,0,0,0.3967,Moderate Risk,0,0.2127,0,301.3,311.0,1418,41.9,208,6221.840474630489,9.699999999999989,8715.199999999999
8085,0,0,0.0004,Low Risk,0,0.0121,0,300.2,311.4,1331,49.8,143,6941.223304400504,11.199999999999989,7121.4
989,0,0,0.0025,Low Risk,0,0.0085,1,296.2,307.0,2119,18.3,159,4060.791248103631,10.800000000000011,2909.7000000000003
3974,0,0,0.0,Low Risk,0,0.0054,0,302.4,311.5,1505,37.9,79,5973.162472147833,9.100000000000023,2994.1
600,0,0,0.0,Low Risk,0,0.0016,0,297.8,309.7,1547,37.3,25,6042.654501645239,11.899999999999977,932.4999999999999
1584,0,0,0.0,Low Risk,0,0.0063,1,298.2,308.3,1639,33.3,191,5715.468098749374,10.100000000000023,6360.299999999999
5282,0,0,0.0098,Low Risk,0,0.0403,2,303.8,313.2,1381,52.4,140,7577.982247381106,9.399999999999977,7336.0
5040,0,0,0.0,Low Risk,0,0.004,2,304.1,313.2,1586,34.6,139,5746.559394044402,9.099999999999966,4809.400000000001
4196,0,0,0.0,Low Risk,0,0.0158,1,302.5,311.0,1563,35.6,190,5826.900390172204,8.5,6764.0
4727,1,1,0.8443,High Risk,1,0.996,1,303.4,311.8,1341,47.0,210,6600.172005926796,8.400000000000034,9870.0
9393,0,0,0.0,Low Risk,0,0.003,2,297.7,308.2,1489,43.0,151,6704.891761046456,10.5,6493.0
2735,0,0,0.0,Low Risk,0,0.0342,0,299.7,309.2,1412,45.4,147,6713.038957994765,9.5,6673.8
7206,0,0,0.0004,Low Risk,0,0.0077,0,299.8,309.7,1457,51.9,89,7918.729858564969,9.899999999999977,4619.099999999999
2482,0,0,0.0,Low Risk,0,0.004,0,298.9,308.7,1504,41.8,165,6583.437789058674,9.800000000000011,6896.999999999999
6101,0,0,0.0022,Low Risk,0,0.0142,0,300.7,310.6,1616,29.6,47,5009.122878491758,9.900000000000034,1391.2
2046,0,0,0.0,Low Risk,0,0.0207,0,299.3,309.1,1388,45.5,123,6613.471414826993,9.800000000000011,5596.5
3346,0,0,0.0272,Low Risk,0,0.0172,0,301.3,310.7,1761,24.3,174,4481.199177007017,9.399999999999977,4228.2
1089,0,0,0.0,Low Risk,0,0.0053,1,296.9,307.7,2008,17.5,3,3679.852194904844,10.800000000000011,52.5
3085,0,0,0.0,Low Risk,0,0.0129,0,300.1,309.2,1441,42.9,148,6473.660069766735,9.099999999999966,6349.2
6714,0,0,0.004,Low Risk,0,0.0652,0,301.3,310.6,1440,53.8,90,8112.848868630282,9.300000000000011,4842.0
3812,0,0,0.0214,Low Risk,0,0.0772,0,302.0,310.6,1392,50.0,84,7288.49495632832,8.600000000000023,4200.0
9338,0,0,0.4052,Moderate Risk,1,0.5076,2,298.5,309.0,1531,30.8,212,4938.039108716533,10.5,6529.6
8671,0,0,0.0,Low Risk,0,0.006,0,297.5,308.8,1530,37.8,157,6056.362317590402,11.300000000000011,5934.599999999999
8730,0,0,0.0,Low Risk,0,0.0023,2,297.3,308.7,1569,33.9,93,5569.949527035095,11.399999999999977,3152.7
528,0,0,0.0006,Low Risk,0,0.0019,1,297.5,309.5,1553,42.4,60,6895.502659315261,12.0,2544.0
2539,0,0,0.0012,Low Risk,0,0.0091,0,299.1,308.8,1413,42.1,86,6229.495488729736,9.699999999999989,3620.6
4360,0,0,0.0,Low Risk,0,0.0092,0,302.1,310.1,1543,35.8,164,5784.656440956933,8.0,5871.2
6202,0,0,0.0227,Low Risk,0,0.0271,0,301.0,310.9,1296,54.9,69,7450.85246466584,9.899999999999977,3788.1
4060,0,0,0.0421,Low Risk,0,0.1087,1,302.0,310.9,1352,55.5,59,7857.751545158791,8.899999999999977,3274.5
1586,0,0,0.0,Low Risk,0,0.0044,1,298.3,308.4,1486,44.2,196,6878.119179965397,10.099999999999966,8663.2
283,0,0,0.0,Low Risk,0,0.0025,0,298.2,308.2,1469,43.0,88,6614.832771643549,10.0,3784.0
8054,0,0,0.0129,Low Risk,0,0.0755,0,300.4,311.8,1405,47.9,58,7047.587159675542,11.400000000000034,2778.2
5207,0,0,0.0,Low Risk,0,0.0056,1,303.8,312.7,1488,41.3,175,6435.489719025619,8.899999999999977,7227.499999999999
1753,0,0,0.0133,Low Risk,0,0.006,0,298.2,307.5,1470,51.3,180,7897.021453328663,9.300000000000011,9234.0
5126,0,0,0.0028,Low Risk,0,0.0068,0,304.3,313.5,1802,25.4,170,4793.106967630923,9.199999999999989,4318.0
7051,0,0,0.0,Low Risk,0,0.0092,0,300.6,310.4,1556,37.7,122,6142.986499025386,9.799999999999955,4599.400000000001
8979,0,0,0.0005,Low Risk,0,0.0053,1,296.9,307.5,1332,51.1,121,7127.771076170666,10.600000000000023,6183.1
7697,0,0,0.0068,Low Risk,0,0.0986,0,300.5,311.4,1400,45.1,29,6612.005338255318,10.899999999999977,1307.9
76,0,0,0.0439,Low Risk,0,0.0397,0,298.8,308.9,1461,47.9,206,7328.487430808517,10.099999999999966,9867.4
8339,0,0,0.0,Low Risk,0,0.0079,1,298.8,309.7,1499,40.3,154,6326.08899085211,10.899999999999977,6206.2
2248,0,0,0.0139,Low Risk,0,0.013,1,299.3,308.5,1304,60.6,8,8275.206376967802,9.199999999999989,484.8
1686,0,0,0.0321,Low Risk,0,0.0047,2,297.9,307.3,1663,28.7,7,4998.074944326633,9.400000000000034,200.9
6952,0,0,0.0,Low Risk,0,0.0047,0,300.8,311.3,1498,40.2,73,6306.181765403864,10.5,2934.6000000000004
9954,0,0,0.0,Low Risk,0,0.0048,1,298.1,307.9,1446,42.8,121,6480.9799806495985,9.799999999999955,5178.799999999999
5728,0,0,0.0188,Low Risk,0,0.0473,1,302.4,311.9,1422,46.4,194,6909.4932185992475,9.5,9001.6
9191,0,0,0.0,Low Risk,0,0.0061,1,297.9,309.0,1970,21.6,37,4456.035019851763,11.100000000000023,799.2
